ISELL_ORDER_NUMBER,PICK_ID,ARTNO,ARTNAME_UNICODE,ORDER_TYPE,PICK_AREA
1352257294,60210,431151,FIXANstick-onflrprots20grey,Truck,Markethall
1352257294,60211,275674,OXBERGpanel/glsdr40x192black-brown,Truck,SelfServe
1352257294,60211,295530,BESTglassshelf56x16glass,Truck,SelfServe
1352257294,60211,10244743,MICKEdesk105x50black-brown,Truck,SelfServe
1352257294,60211,10423886,NORDENNNgatetbl26/89/152x80white,Truck,SelfServe
1352257294,60211,20245959,BESTframe60x20x64black-brown,Truck,SelfServe
1352257294,60211,20485572,TERJEfoldingchairwhite/KnisalightgreyGB,Truck,SelfServe
1352257294,60211,30291658,GLASSVIKglsdr60x64black/clearglass,Truck,SelfServe
1352257294,60211,30341111,EKEDALENchrwhite/RamnalightgreyGB,Truck,SelfServe
1352257294,60211,40263848,BILLYNNNbookcs80x28x202black-brown,Truck,SelfServe
1352257294,60211,50263838,BILLYNNNbookcs40x28x202white,Truck,SelfServe
1352257294,60211,50275558,OXBERGpanel/glsdr40x192white,Truck,SelfServe
1352257294,60211,80215332,VITTSJnesttabless290x50black-brown/glass,Truck,SelfServe
1352257294,60211,80261258,BESTsoftclsng/push-openhinge2-p,Truck,SelfServe
1352257294,60212,30472927,MULLFJLLETconfchairwcastorsNaggendgreyGB,Truck,FullServeinternal
1352257309,60213,490522,VALLENSVEDdoormatin40x60natural,Truck,Markethall
1352257309,60213,20514070,SOCKERBITstorboxwlid38x51x30grey-green,Truck,Markethall
1352257309,60213,20538764,NIMMstorboxwlid32x30x30grey-green,Truck,Markethall
1352257309,60213,40527670,STUKstorcase34x51x28lightgrey-green,Truck,Markethall
1352257309,60213,60300374,FISKBOframe50x70white,Truck,Markethall
1352257309,60213,60466246,PILLEMARKdoormatin50x90rainbow,Truck,Markethall
1352257303,60215,307552,BESTbox25x31x15grey,Truck,Markethall
1352257303,60215,514033,KUGGISboxwlid18x26x15transparentblack,Truck,Markethall
1352257303,60215,20524677,BROGRUNDNhookstainlesssteel2-p,Truck,Markethall
1352257303,60215,30514036,KUGGISboxwlid18x26x8transparentblack,Truck,Markethall
1352257303,60215,70514039,KUGGISboxwlid26x35x15transparentblack,Truck,Markethall
1352257309,60214,324518,KALLAXNshelvingunit77x147whstoakeff,Truck,SelfServe
1352257309,60214,10264302,OLOVlegadjustablewhite,Truck,SelfServe
1352257309,60214,20449517,KLEPPSTADshelf76x50white,Truck,SelfServe
1352257309,60214,50522375,INLGGconnfitt2-p,Truck,SelfServe
1352257309,60214,80460823,LAGKAPTENtbltp140x60whitestainedoakeffect,Truck,SelfServe
1352257303,60216,10331194,HJLPAp-outrailfbskt55white2-p,Truck,SelfServe
1352257303,60216,10385926,FONNESdrawerfrt80x20white,Truck,SelfServe
1352257303,60216,20334314,BILLSBROhandle40mmwhite2-p,Truck,SelfServe
1352257303,60216,40497828,HJLPAadjclthsrail60-100white,Truck,SelfServe
1352257303,60216,50497818,STRAUMENNmirrordoor40x180mirrorglass,Truck,SelfServe
1352257303,60216,60331059,FONNESdoor40x120white,Truck,SelfServe
1352257303,60216,60331200,HJLPAstandardhinges1-p,Truck,SelfServe
1352257303,60216,60505511,HJLPAsusprail55white2-p,Truck,SelfServe
1352257303,60216,80331063,FONNESdoor40x40white,Truck,SelfServe
1352257303,60217,330982,HJLPAdrwrwithoutfront80x55white,Truck,FullServeinternal
1352257303,60217,10246308,KOMPLNdrawer50x58white,Truck,FullServeinternal
1352257303,60217,10257306,KOMPLmeshbskt50x58white,Truck,FullServeinternal
1352257303,60217,10330948,PLATSAframe80x55x40white,Truck,FullServeinternal
1352257303,60217,20331198,LTTHETlegadjustablewhite4-p,Truck,FullServeinternal
1352257303,60217,30263245,KOMPLp-outrailfbskt58white2-p,Truck,FullServeinternal
1352257303,60217,40331164,HJLPAshelf80x55white,Truck,FullServeinternal
1352257303,60217,70330945,PLATSAframe80x55x180white,Truck,FullServeinternal
1352257303,60217,70331186,HJLPAwrebskt80x55white,Truck,FullServeinternal
1352257835,60218,473693,KNALLANbag40x25x47cm/47lblack/white,Collect,Markethall
1352257835,60218,20434832,MURVELshoeorg14x14x24grey,Collect,Markethall
1352257835,60218,30528514,SKOSTALLshoeorg11x19x27black,Collect,Markethall
1352266489,60221,214505,KOMPLsoftclsnghinge3-p,Truck,FullServeinternal
1352266489,60221,257298,KOMPLmeshbskt100x58white,Truck,FullServeinternal
1352266489,60221,20214566,PAXwrdfrm100x58x201whiteN,Truck,FullServeinternal
1352266489,60221,30256891,KOMPLclothesrail100white,Truck,FullServeinternal
1352266489,60221,30263245,KOMPLp-outrailfbskt58white2-p,Truck,FullServeinternal
1352266489,60221,30277959,KOMPLshelf50x58white,Truck,FullServeinternal
1352266489,60221,70214559,PAXwrdfrm50x58x201whiteN,Truck,FullServeinternal
1352266489,60221,70277957,KOMPLshelf100x58white,Truck,FullServeinternal
1352266489,60221,80331930,HEIMdoor50x195mirrorglass,Truck,FullServeinternal
1352266489,60221,90256893,KOMPLclothesrail50white,Truck,FullServeinternal
1352266343,60219,30488966,MLANeaselsoftwood,Collect,SelfServe
1352266489,60220,10333065,BRUNSTApendlampshade20black,Truck,Markethall
1352266489,60220,20484817,TRUBBNATEpendlampshade38white,Truck,Markethall
1352266489,60220,50308196,MUSKOTplantpot12white,Truck,Markethall
1352266489,60220,50518477,SOLHETTAE27470lmglobeopalwhi2-pUK,Truck,Markethall
1352266489,60220,50518910,PLUGGLANDhangerfdoor,Truck,Markethall
1352266489,60220,60533057,SVARTSENAPtable-runner35x130green-blue,Truck,Markethall
1352266489,60220,70256931,KOMPLvalethngr17x5white,Truck,Markethall
1352266489,60220,70534645,SCKKRRAstorcase55x49x19off-white/green,Truck,Markethall
1352266489,60220,90429771,YLLEVADframe13x18black,Truck,Markethall
1352266671,60222,502474,ENSTAKAscnttealt3.5hrBonfire/grey30-p,Collect,Markethall
1352266671,60222,20300248,TILLVAROunscntdtealt100-p,Collect,Markethall
1352266671,60222,20502166,STRTSKNscnttealt3.5hrBerries/red30-p,Collect,Markethall
1352266671,60222,30456593,MLAwhitebrdpenmixedcolours4-p,Collect,Markethall
1352266671,60222,40504249,HEDERSAMscnttealt3.5hrFreshgrass/lgrn30-p,Collect,Markethall
1352266671,60222,50456592,MLAwhiteboardpenwhldr/erasermixcol4-p,Collect,Markethall
1352266671,60222,50471026,LNSSmirror21x30,Collect,Markethall
1352266671,60222,50525642,ISTADresealablebagpatterned/blackyellow60-p,Collect,Markethall
1352266671,60222,60159520,BOLMENtoilbrshhldrblack,Collect,Markethall
1352266671,60222,60452174,IKEA365+foodcntnr750mlsquare/plastic3-p,Collect,Markethall
1352266671,60222,70193321,MLANchalksmixedcolours9-p,Collect,Markethall
1352266671,60222,70238541,BUMERANGhangerwhite,Collect,Markethall
1352266671,60222,70456591,MLAfelt-tippenmixedcolours24-p,Collect,Markethall
1352266671,60222,80429757,YLLEVADframe21x30white,Collect,Markethall
1352266671,60223,20278167,KALLAXinsertwdoor33x33white,Collect,SelfServe
1352266671,60223,40501892,KALLAXufrm146x39x18white,Collect,SelfServe
1352266671,60223,70286645,KALLAXNNinsertw2drw33x33white,Collect,SelfServe
1352266671,60223,80089239,TROFASTNstorbox42x30x10white,Collect,SelfServe
1352266671,60223,80275887,KALLAXshelvingunit77x147white,Collect,SelfServe
1352266671,60223,95685100,TROFASTstorbox42x30x23white,Collect,SelfServe
1352276101,60227,40539183,SMHAGEL3-prtUSBchrgrwhiteGB,Collect,Markethall
1352276101,60227,60444688,SOCKERBITboxwlid38x51x30pink,Collect,Markethall
1352266938,60224,30426836,STOENSEruglowpile200x300mediumgrey,Collect,SelfServe
1352275893,60226,80275887,KALLAXshelvingunit77x147white,Collect,SelfServe
1352274734,60225,40456899,HAUGAchest/3drw70x84grey,Collect,SelfServe
1352276101,60228,40503546,SKRUVBYbookcs60x140white,Collect,SelfServe
1352276423,60229,466598,BAGISNcoat-hangerchildmixedcolours8-p,Collect,Markethall
1352276423,60229,40446122,LAPPMEShandle112mmbirch2-p,Collect,Markethall
1352276423,60230,40497828,HJLPAadjclthsrail60-100white,Collect,SelfServe
1352276423,60230,50472827,SMSTADtopfstormodule60x55white,Collect,SelfServe
1352276423,60230,60505511,HJLPAsusprail55white2-p,Collect,SelfServe
1352276423,60230,90382882,HJLPAsoftclsnghinge1-p,Collect,SelfServe
1352276423,60231,10330972,PLATSAframe60x55x60white,Collect,FullServeinternal
1352276423,60231,20331198,LTTHETlegadjustablewhite4-p,Collect,FullServeinternal
1352276423,60231,20434163,SMSTADdoor30x90white2-p,Collect,FullServeinternal
1352276423,60231,40436774,KONSTRUERAdrwrwithoutfront30x60white,Collect,FullServeinternal
1352276423,60231,50330951,PLATSAframe60x55x180white,Collect,FullServeinternal
1352276423,60231,70434113,SMSTADdrawerfrt60x30white,Collect,FullServeinternal
1352276423,60231,90331166,HJLPAshelf60x55white,Collect,FullServeinternal
1352276857,60232,217797,GUNDEfoldingchairblack,Collect,SelfServe
1352277404,60233,428549,SKUBBNboxs6white,PUP,Markethall
1352277404,60234,60403584,MALMNchest/6drw160x78whiteN,PUP,SelfServe
1352277347,60235,473546,ALEXdrawerut36x70white,Collect,SelfServe
1352277347,60235,40460815,LAGKAPTENtbltp140x60white,Collect,SelfServe
1352277456,60236,24524485,TRENSUMNmirrorstlsstl,Collect,Markethall
1352277456,60236,40399998,SKUBBboxs6darkgrey,Collect,Markethall
1352277456,60236,70467721,INGABRITTAthrow130x170lightgrey,Collect,Markethall
1352277456,60237,30326177,LENNARTdrawerutwhite,Collect,SelfServe
1352277456,60237,50474751,TROTTENtbltp120x70white,Collect,SelfServe
1352277456,60238,40507342,TROTTENufrmsi/stftbltp120/160white,Collect,FullServeinternal
1352277623,60239,30378454,RIBBANNframe30x40black,Collect,Markethall
1352277623,60239,70186090,PRICKIGmicrowavelid26grey,Collect,Markethall
1352283493,60242,80261258,BESTsoftclsng/push-openhinge2-p,Collect,SelfServe
1352283493,60242,90382882,HJLPAsoftclsnghinge1-p,Collect,SelfServe
1352277571,60240,70366798,SONGESANDchest/6drw161x81white,Truck,SelfServe
1352277571,60240,90347351,SONGESANDwardrobe120x60x191white,Truck,SelfServe
1352277927,60241,80275887,KALLAXshelvingunit77x147white,Truck,SelfServe
1352277927,60241,90347351,SONGESANDwardrobe120x60x191white,Truck,SelfServe
1352277927,60241,90366783,SONGESANDchest/6drw82x126white,Truck,SelfServe
1352283493,60243,30277959,KOMPLshelf50x58white,Collect,FullServeinternal
1352283493,60243,60273417,PAXwrdfrm75x35x201whitestainedoakeffect,Collect,FullServeinternal
1352283493,60243,70246683,KOMPLdrwrwglssfrnt50x58white,Collect,FullServeinternal
1352283493,60243,80272841,KOMPLdrawer75x35wsoeff,Collect,FullServeinternal
1352283891,60244,396416,MILSBOgls-drcb73x175white,Truck,FullServeinternal
1352284309,60245,60427523,RAMSHULTbracket18x22darkgrey,Collect,Markethall
1352284309,60246,30421240,BERGSHULTshelf120x30darkgrey,Collect,SelfServe
1352284786,60249,275848,KALLAXshelvingunit42x147white,Collect,SelfServe
1352284786,60249,423721,KALLAXinsertwmirrordr33x33,Collect,SelfServe
1352284786,60249,70286645,KALLAXNNinsertw2drw33x33white,Collect,SelfServe
1352284454,60247,20317079,SPRUTTIGhangerblack10-p,Truck,Markethall
1352284454,60248,441758,KLEPPSTADwrd3d117x176white,Truck,SelfServe
1352284454,60248,80309241,KULLENNchest/2drw35x49white,Truck,SelfServe
1352284840,60250,70292104,MOSSLANDApictureledge115black,Collect,Markethall
1352284789,60251,50520753,GULLBERGScshncvrin/out50x50multicolour,Truck,Markethall
1352284789,60251,90262196,INNERNcushpad50x50white/softGB,Truck,Markethall
1352285270,60253,10331194,HJLPAp-outrailfbskt55white2-p,Collect,SelfServe
1352284789,60252,10510299,NMMARseatsecfmodsofaoutlbrwnstnd,Truck,SelfServe
1352284789,60252,10515485,TVARseatsecfmodsofaoutbrown,Truck,SelfServe
1352284789,60252,20532309,TOSTERcvrfoutdfrntr220x220sofa/black,Truck,SelfServe
1352284789,60252,50445320,JRPNcvrseatcshn62x62outdoorwhiteGB,Truck,SelfServe
1352285270,60254,70246348,KOMPLNdrawer100x58wsoeff,Collect,FullServeinternal
1352285270,60254,70331186,HJLPAwrebskt80x55white,Collect,FullServeinternal
1352288424,60258,488425,KINNAHULTtablelamp37blackash/blackGB,Collect,Markethall
1352288424,60258,549546,HUMLEMOTTthrow130x170off-white,Collect,Markethall
1352288424,60258,20468110,FRSEGLAcoaster9bamboo2-p,Collect,Markethall
1352288424,60258,20518474,SOLHETTAE14470lmglobeopalwhi2-pUK,Collect,Markethall
1352288424,60258,30351143,PANNNNplacemat37darkblue,Collect,Markethall
1352288424,60258,30546966,JTTEVALLMOdc/2pwc200x200/50x80yellow/white,Collect,Markethall
1352288424,60258,50258323,IVRIGglass45clclearglass,Collect,Markethall
1352288424,60258,50353612,VGSJNbthsheet100x150darkgrey,Collect,Markethall
1352288424,60258,90538001,FEJKAartpttdplntwpot6in/outwhi/green,Collect,Markethall
1352288033,60255,30179435,MULIGclothesbar60-90white,Collect,Markethall
1352288033,60256,80480393,BRUSALINshoecab3comp61x30x130white,Collect,SelfServe
1352288033,60256,10311308,KOPPANGchest/6drw172x83white,Collect,SelfServe
1352288033,60256,10385950,KOPPANGNNchest/3drw90x83white,Collect,SelfServe
1352288036,60257,80275887,KALLAXshelvingunit77x147white,Collect,SelfServe
1352288424,60259,30514791,LACKsidetbl35x35white,Collect,SelfServe
1352289763,60261,30326771,BJRKSTAframe200x140aluminium-colour,Collect,Markethall
1352289763,60261,50509374,BJRKSTApict200x140shoreinthedawn,Collect,Markethall
1352289763,60261,70527720,BJRKSTApict78x118sunstreaks,Collect,Markethall
1352289763,60261,80326778,BJRKSTAframe78x118aluminium-colour,Collect,Markethall
1352288595,60260,90348586,NATTSMYGfoammattfextbed80x200GB,Collect,SelfServe
1352290442,60262,440768,UPPSNOFSADlid35x25black1-p,Collect,Markethall
1352290442,60262,10436959,GLIMMAunscntdtealt50-p,Collect,Markethall
1352290442,60262,50444783,UPPSNOFSADstorbox25x17x12cm/4lblack,Collect,Markethall
1352290442,60262,90440764,UPPSNOFSADstorbox35x25x14cm/9lblack,Collect,Markethall
1352290442,60262,90466155,GLISboxwithlid17x10yellow/blue3-p,Collect,Markethall
1352290339,60263,10365419,FEJKAartplant26x26wllmount/in/outgreen,Collect,Markethall
1352290339,60263,60400000,SKUBBstorcase93x55x19darkgrey,Collect,Markethall
1352290339,60264,30479740,LYCKSELEcvrfsb2KnisalightgreyGB,Collect,SelfServe
1352290339,60264,30483148,LYCKSELEcvrfchr-bedVansbrodarkgreyGB,Collect,SelfServe
1352290968,60265,40525685,ISTADNresealablebagpatterned/green30-p,Collect,Markethall
1352290968,60265,50525642,ISTADresealablebagpatterned/blackyellow60-p,Collect,Markethall
1352290968,60265,60348125,RABBLAboxwlid25x35x20,Collect,Markethall
1352290968,60265,90435102,DRNAbox33x38x33white/blackpatterned,Collect,Markethall
1352290968,60266,20275814,KALLAXshelvingunit77x77white,Collect,SelfServe
1352290968,60266,90282180,LACKNwllshlf110x26white,Collect,SelfServe
1352291320,60267,20219936,RAFFIGfinials1pairblack,Collect,Markethall
1352291320,60267,60217228,BETYDLIGwll/clngbrcktblack,Collect,Markethall
1352291320,60267,70217157,RCKAcurtainrod210-385black,Collect,Markethall
1352291320,60267,70396917,FRIDANSblck-outrllrblnd120x195grey,Collect,Markethall
1352291320,60267,80396926,FRIDANSblck-outrllrblnd180x195grey,Collect,Markethall
1352291321,60268,10530259,BISSANshoecab3comp49x28x135white,Collect,SelfServe
1352294122,60269,20519888,SKDIShook19mmwhite5-p,Collect,Markethall
1352294122,60269,40321631,SKDISelasticcordgrey3-p,Collect,Markethall
1352294122,60269,50320805,SKDISpgbrd36x56white,Collect,Markethall
1352294122,60269,50517760,SKDISstorbaskets3white,Collect,Markethall
1352294122,60269,80010222,VARIERANplasticbagdispwhite,Collect,Markethall
1352294122,60269,90198030,KVISSLEwllnewsprackwhite,Collect,Markethall
1352294122,60269,90519880,SKDISmagazhldrwhite,Collect,Markethall
1352294122,60270,60501886,RFJLLNchilddskchrwhite/VisslelightgreyGB,Collect,SelfServe
1352295020,60271,10401931,BILLYNNNbookcs40x40x202white,Collect,SelfServe
1352295020,60271,10443974,DRNANbox33x38x33darkgrey,Collect,SelfServe
1352295020,60271,90301555,KALLAXshelvingunit77x41white,Collect,SelfServe
1352294948,60272,90277961,KOMPLshelf75x58white,Collect,FullServeinternal
1352295253,60273,309235,KULLENNchest/6drw140x72black-brown,Truck,SelfServe
1352295253,60273,60322130,KULLENNchest/2drw35x49black-brown,Truck,SelfServe
1352296121,60276,20317079,SPRUTTIGhangerblack10-p,Truck,Markethall
1352295316,60274,40469302,TJENANstorboxwlid32x35x32white,Collect,Markethall
1352296367,60275,324518,KALLAXNshelvingunit77x147whstoakeff,Collect,SelfServe
1352296367,60275,10443974,DRNANbox33x38x33darkgrey,Collect,SelfServe
1352296121,60277,40497828,HJLPAadjclthsrail60-100white,Truck,SelfServe
1352296121,60277,60282186,LACKNwllshlfut30x190white,Truck,SelfServe
1352296121,60277,90309245,KULLENNchest/6drw140x72white,Truck,SelfServe
1352298875,60281,30263844,BILLYNNNbookcs80x28x106white,Collect,SelfServe
1352296121,60278,60214569,PAXwrdfrm50x35x201whiteN,Truck,FullServeinternal
1352298535,60280,70521539,HASVIKNNNsliddoorspair200x201white,Collect,FullServeinternal
1352296515,60279,90392046,BRIMNESNchest/4drw78x124white/frostedglass,Collect,SelfServe
1352296139,60282,20403562,MALMNchest/3drw80x78whiteN,PUP,SelfServe
1352296139,60282,80214549,MALMchest/2drw40x55whiteN,PUP,SelfServe
1352300974,60283,553232,KORSNINGrugflatwin/out80x150greenpu/striped,Collect,Markethall
1352300974,60283,30553235,KORSNINGrugflatwin/out80x250greenpu/striped,Collect,Markethall
1352300974,60283,70238541,BUMERANGhangerwhite,Collect,Markethall
1352300974,60283,70512648,TOLKNINGhangbasketjute,Collect,Markethall
1352300974,60284,70277957,KOMPLshelf100x58white,Collect,FullServeinternal
1345367041,60288,60185034,EKTORPNNNfrmso2GB,Customer,FullServeinternal
1345367041,60288,60503569,EKTORPcvrfso2HallarpgreyGB,Customer,FullServeinternal
1352300939,60285,50357002,KALLRRhandle213mmstainlesssteel2-p,Truck,SelfServe
1352300939,60286,10205421,VEDDINGEdoor60x200white,Truck,FullServeinternal
1352300939,60286,40205599,MEleg84-p,Truck,FullServeinternal
1352300939,60286,40327505,FRBTTRANNplinth220x8white,Truck,FullServeinternal
1352300939,60286,50205612,UTRUSTAshelf60x60white2-p,Truck,FullServeinternal
1352300939,60286,60212565,MEframehicb60x60x200white,Truck,FullServeinternal
1352300939,60286,80524882,UTRUSTANNhingewb-indmprfktchn1102-p,Truck,FullServeinternal
1350909917,60287,40233535,NOLMYRAeasychrblack/black,Truck,FullServeinternal
1352303655,60289,10436978,LTTHEThookandclip,Truck,Markethall
1352303655,60290,362746,SLKTbedfrm90x200white,Truck,SelfServe
1352303655,60290,10331194,HJLPAp-outrailfbskt55white2-p,Truck,SelfServe
1352303655,60290,20451379,KONSTRUERAwrebskt25,Truck,SelfServe
1352303655,60290,80362974,SLKTstorbox+cstrs62x62x35white,Truck,SelfServe
1352303655,60290,90160211,LURYslatbdbse90x200,Truck,SelfServe
1352303655,60290,90446148,HJLPAhookfclthsrail,Truck,SelfServe
1352303826,60292,50471026,LNSSmirror21x30,Collect,Markethall
1352303826,60292,80429757,YLLEVADframe21x30white,Collect,Markethall
1352303655,60291,80436965,SMSTADpull-outstorut80x57x108white,Truck,FullServeinternal
1349008932,60293,40256895,KOMPLclothesrail75white,Customer,FullServeinternal
1352304858,60294,10443974,DRNANbox33x38x33darkgrey,Collect,SelfServe
1352304858,60294,10477935,KALLAXshelvingunit77x41grey/woodeffect,Collect,SelfServe
1352304858,60294,40217955,DRNAbox33x38x33white,Collect,SelfServe
1352304858,60294,60395876,KALLAXshelvingunit77x41oakeffect,Collect,SelfServe
1352304246,60295,50342237,ISTADNresealablebaggrey/white50-p,Truck,Markethall
1352304246,60295,50443811,UNDVIKAcornerbumperdarkbrown8-p,Truck,Markethall
1352304246,60296,445370,BETSparasolfrm300tilting/brownwoodeffect,Truck,SelfServe
1352304246,60296,20510307,"NMMARtable,out140x75lightbrownstained",Truck,SelfServe
1352304246,60296,20532743,NMMARprivscrn140x80x50lbrwstndind/outd,Truck,SelfServe
1352304246,60296,50457105,HUVNparasolbase56x56grey,Truck,SelfServe
1352304246,60296,50510301,"NMMARrecliningchair,outfoldablelbrwnstnd",Truck,SelfServe
1352304246,60296,60391859,DUVHOLMENincshnset/bckcshn71x45/42x45o-whGB,Truck,SelfServe
1352304246,60296,60396121,LINDJAparasolcanp300beige,Truck,SelfServe
1352304246,60296,60412932,FRSNcvrchrcshn50x50outdoorbeigeGB,Truck,SelfServe
1352304246,60296,60510310,"NMMARbench,out120lightbrownstained",Truck,SelfServe
1352304246,60296,70417892,DUVHOLMENinnercshnchrcshn50x50outoff-whiGB,Truck,SelfServe
1352304246,60296,80391764,FRSNcvrseat/bckcshn116x45outdoorbeigeGB,Truck,SelfServe
1352304246,60296,90511105,"NMMARchrwarmrsts,outlightbrownstained",Truck,SelfServe
1350845573,60299,50242723,LILLTRSKwt186x2.8white/laminate,Customer,FullServeinternal
1352305217,60297,10502930,GRADVISplantpot12in/outdoorgrey,Collect,Markethall
1352305217,60298,50486650,OLIVBLADplantstand58in/outdoorblack,Collect,SelfServe
1352306312,60301,20390871,NISSEDALmirror65x150whitestainedoakeffect,Collect,SelfServe
1349010281,60300,30529467,PINNTORPtable125x75lbrwnstnd/whstnd,Customer,FullServeinternal
1352307161,60302,280637,RSTIDNNtablelampnickel-plated/whiteGB,Truck,Markethall
1352307161,60302,50465756,TAVELNtray2-p,Truck,Markethall
1352307161,60302,50518477,SOLHETTAE27470lmglobeopalwhi2-pUK,Truck,Markethall
1352307161,60303,20410534,LNGFJLLNstarbasew4lgswhite,Truck,SelfServe
1352307161,60303,40430588,LACKwllshlf30x26black-brown,Truck,SelfServe
1352307161,60303,50474751,TROTTENtbltp120x70white,Truck,SelfServe
1352307161,60303,70320319,NISSEDALmirror65x150black,Truck,SelfServe
1352307161,60303,80320521,LNGFJLLseatshellGunnaredbeigeGB,Truck,SelfServe
1352307161,60304,40507342,TROTTENufrmsi/stftbltp120/160white,Truck,FullServeinternal
1350821090,60305,497000,TILLREDANfridge43lfreestanding/whiteGB,Customer,FullServeinternal
1352308037,60306,116595,LIATORPbookcs96x214white,Truck,SelfServe
1345355819,60307,60509142,KOMPLshelf100x58darkgrey,Customer,FullServeinternal
1350798632,60308,40295439,FNISSNwastebin10lwhite,Truck,Markethall
1352308040,60312,40211977,PAXwrdfrm75x35x201whiteN,Collect,FullServeinternal
1352308040,60312,70277995,KOMPLshelf75x35white,Collect,FullServeinternal
1350799796,60309,30256891,KOMPLclothesrail100white,Customer,FullServeinternal
1350799796,60309,70246683,KOMPLdrwrwglssfrnt50x58white,Customer,FullServeinternal
1350799796,60309,30277959,KOMPLshelf50x58white,Customer,FullServeinternal
1349053640,60310,103343,MALMchest/2drw40x55black-brown,Truck,SelfServe
1349053640,60310,70403606,MALMNchest/6drw80x123black-brown,Truck,SelfServe
1349053640,60311,214505,KOMPLsoftclsnghinge3-p,Truck,FullServeinternal
1349053640,60311,20214566,PAXwrdfrm100x58x201whiteN,Truck,FullServeinternal
1349053640,60311,30256891,KOMPLclothesrail100white,Truck,FullServeinternal
1349053640,60311,60442383,FORSANDNdoor50x195white,Truck,FullServeinternal
1349053640,60311,70277957,KOMPLshelf100x58white,Truck,FullServeinternal
1348940750,60313,10446883,FRNIMMANpowersuppcrd3.5mGB,Truck,Markethall
1348940750,60313,10529086,VERSIDANLEDwrdlghtstrpwsensor71dimwhiUK,Truck,Markethall
1348940750,60313,60342656,TRDFRIdrvrfwrlsscntrl30Wsmartgrey,Truck,Markethall
1348940750,60313,60529084,VERSIDANLEDwrdlghtstrpwsensor46dimwhiUK,Truck,Markethall
1348940750,60313,70529088,VERSIDANLEDwrdlghtstrpwsensor96dimwhiUK,Truck,Markethall
1348940750,60314,10446557,KOMPLshoeinsertfp-outtray100x35lgrey,Truck,SelfServe
1348940750,60315,214505,KOMPLsoftclsnghinge3-p,Truck,FullServeinternal
1348940750,60315,10368489,KOMPLsoftclsnghingefcornsect6-p,Truck,FullServeinternal
1348940750,60315,20214566,PAXwrdfrm100x58x201whiteN,Truck,FullServeinternal
1348940750,60315,20329195,TYSSEDALdoor50x195white/glass,Truck,FullServeinternal
1348940750,60315,30256891,KOMPLclothesrail100white,Truck,FullServeinternal
1348940750,60315,30277959,KOMPLshelf50x58white,Truck,FullServeinternal
1348940750,60315,70214559,PAXwrdfrm50x58x201whiteN,Truck,FullServeinternal
1348940750,60315,70246386,KOMPLp-outtray100x58white,Truck,FullServeinternal
1348940750,60315,70277957,KOMPLshelf100x58white,Truck,FullServeinternal
1348940750,60315,70346932,PAXadd-oncrnrutw4shlvs53x58x201white,Truck,FullServeinternal
1348940750,60315,80331930,HEIMdoor50x195mirrorglass,Truck,FullServeinternal
1348940750,60315,90256893,KOMPLclothesrail50white,Truck,FullServeinternal
1352309654,60316,40415031,KOPPLAN3-prtUSBchrgrwhiteGB,Collect,Markethall
1352309654,60316,60534641,SCKKRRAcarrierbag37x57x39cm/71lof-wh/blstr,Collect,Markethall
1352309654,60316,80377937,FENOMENNunscentedblckcndls5natural,Collect,Markethall
1352309654,60317,50490138,RSHULTtrolley28x38x65grey,Collect,SelfServe
1352309976,60318,50160208,LURYslatbdbse70x200,Collect,SelfServe
1352309976,60318,90124534,SKORVAmidbeamgalvanised,Collect,SelfServe
1352310484,60320,445332,MLLSTENtoppartoutfloordeck0.81mgy/wh9-p,Truck,SelfServe
1352310484,60320,510308,"NMMARtable,out75x63lightbrownstained",Truck,SelfServe
1352310484,60320,10391772,FRSNcvrbackcshn62x44outdoorbeigeGB,Truck,SelfServe
1352310484,60320,10510299,NMMARseatsecfmodsofaoutlbrwnstnd,Truck,SelfServe
1352310484,60320,30391766,FRSNcvrseatcshn62x62outdoorbeigeGB,Truck,SelfServe
1352310484,60320,30409295,KOLBJRNcabinetin/out80x81beige,Truck,SelfServe
1352310484,60320,40391836,DUVHOLMENinnerbckcshn62x44outdooroff-whiGB,Truck,SelfServe
1352310484,60320,40456286,MLLSTENbottompartoutflodeck0.81mdgrey,Truck,SelfServe
1352310484,60320,40510306,NMMARloungechroutlightbrownstained,Truck,SelfServe
1352310484,60320,50396094,KUGGparasolfrm300tilting/grey,Truck,SelfServe
1352310484,60320,50494141,RUNNENNedgingstripoutflrdeck4pcsdgrey4-p,Truck,SelfServe
1352310484,60320,60396121,LINDJAparasolcanp300beige,Truck,SelfServe
1352310484,60320,60409294,KOLBJRNshlvngunitin/out80x81beige,Truck,SelfServe
1352310484,60320,60518486,"RUNNENfloordeck,out0.81macacia9-p",Truck,SelfServe
1352310484,60320,70510300,"NMMARstool,out37x45foldable/lbrwnstnd",Truck,SelfServe
1352310484,60320,90391853,DUVHOLMENinnerseatcshn62x62outdooroff-whiGB,Truck,SelfServe
1352310484,60320,90511105,"NMMARchrwarmrsts,outlightbrownstained",Truck,SelfServe
1350878076,60319,452544,PLATSAopenshoestorut80x40x60white,Customer,FullServeinternal
1350878076,60319,20331198,LTTHETlegadjustablewhite4-p,Customer,FullServeinternal
1350780513,60322,80470030,VALEVGpcktsprmattStanKgfirm/lightblueGB,AfterSales,SelfServe
1352310072,60321,10244743,MICKEdesk105x50black-brown,Truck,SelfServe
1352310072,60321,40294982,KARMSUNDstandmirr40x167black,Truck,SelfServe
1352310072,60321,40295528,BESTshelf56x36black-brown,Truck,SelfServe
1352310072,60321,40393661,KULLENNNchest/5drw70x112black-brown,Truck,SelfServe
1352310072,60321,50293604,BESTsupportingleg10grey,Truck,SelfServe
1352310072,60321,60293566,STUBBARPlegblack-brown2-p,Truck,SelfServe
1352310072,60321,90294512,BESTTVbnch120x40x38black-brown,Truck,SelfServe
1352311565,60323,10357004,KALLRRhandle405mmstainlesssteel2-p,Truck,SelfServe
1352311565,60324,214505,KOMPLsoftclsnghinge3-p,Truck,FullServeinternal
1352311565,60324,20214566,PAXwrdfrm100x58x201whiteN,Truck,FullServeinternal
1352311565,60324,30256891,KOMPLclothesrail100white,Truck,FullServeinternal
1352311565,60324,60442383,FORSANDNdoor50x195white,Truck,FullServeinternal
1352311565,60324,70277957,KOMPLshelf100x58white,Truck,FullServeinternal
1352309339,60325,10311308,KOPPANGchest/6drw172x83white,Collect,SelfServe
1352309339,60325,20200456,HEMNESbdstable46x35whitestain,Collect,SelfServe
1352311697,60326,428549,SKUBBNboxs6white,Collect,Markethall
1352311697,60326,10308198,MUSKOTplantpot24white,Collect,Markethall
1352311697,60326,30238543,BUMERANGhangernatural8-p,Collect,Markethall
1352311697,60326,60474425,STUKboxwcomp20x34x10white,Collect,Markethall
1352311697,60327,10429973,MALMNglasstop40x48white,Collect,SelfServe
1352311697,60327,60403602,MALMNchest/6drw80x123whiteN,Collect,SelfServe
1352311697,60327,80214549,MALMchest/2drw40x55whiteN,Collect,SelfServe
1352308620,60328,458697,IDANSchest/6drw84x135darkbrownstained,Truck,SelfServe
1352308620,60328,50458831,IDANSwrd121x211darkbrownstained,Truck,SelfServe
1352308620,60329,60185034,EKTORPNNNfrmso2GB,Truck,FullServeinternal
1352308620,60329,90472340,EKTORPcvrfso2TotebodarkturquoiseGB,Truck,FullServeinternal
1352312847,60330,343003,MOPSIGcutleryset16pcs,Collect,Markethall
1352312847,60330,461379,KALASNNmugmixedcolours,Collect,Markethall
1352312847,60330,10270478,POKALNNglass35clclearglass,Collect,Markethall
1352312847,60330,20476346,RINNIGteatowel45x60whidgrey/patterned4-p,Collect,Markethall
1352312847,60330,40458600,FAVORISERAservices12white,Collect,Markethall
1352312847,60330,70392844,TRDKRASSULAdc/pwc150x200/50x80white/blue,Collect,Markethall
1352312847,60330,80435942,FULLNDADkitchenuts5grey,Collect,Markethall
1352312847,60330,80461380,KALASNNplatemixedcolours6-p,Collect,Markethall
1352312847,60330,90207402,ANNONScookwares5glass/stainlesssteel,Collect,Markethall
1348913559,60331,80214568,PAXwrdfrm50x58x236whiteN,Customer,FullServeinternal
1348913559,60331,30277959,KOMPLshelf50x58white,Customer,FullServeinternal
1348913559,60331,30214504,KOMPLsoftclsnghinge4-p,Customer,FullServeinternal
1348913559,60331,10442385,FORSANDNdoor50x229white,Customer,FullServeinternal
1348913559,60331,20214571,PAXwrdfrm75x58x236whiteN,Customer,FullServeinternal
1348913559,60331,90277961,KOMPLshelf75x58white,Customer,FullServeinternal
1348913559,60331,40256895,KOMPLclothesrail75white,Customer,FullServeinternal
1348913559,60331,30263245,KOMPLp-outrailfbskt58white2-p,Customer,FullServeinternal
1348913559,60331,20257315,KOMPLmeshbskt75x58white,Customer,FullServeinternal
1348913559,60331,10301125,VIKEDALNdoor25x229mirrorglass,Customer,FullServeinternal
1352313426,60332,10492455,TJABBAmagazfilewhite2-p,Collect,Markethall
1352313426,60333,70261131,GERSBYbookcs60x180white,Collect,SelfServe
1352313913,60335,40534562,DUNDERGUBBEmovingbox64x34x40cm/80lbrown,Collect,Markethall
1347167339,60334,70277981,KOMPLshelf50x58wsoeff,Customer,FullServeinternal
1347167339,60334,50277977,KOMPLshelf75x58wsoeff,Customer,FullServeinternal
1350831813,60336,90027972,NYTTIGFIL559charcoalfltr,Customer,FullServeinternal
1352313822,60337,445332,MLLSTENtoppartoutfloordeck0.81mgy/wh9-p,Truck,SelfServe
1352313822,60337,510308,"NMMARtable,out75x63lightbrownstained",Truck,SelfServe
1352313822,60337,10391772,FRSNcvrbackcshn62x44outdoorbeigeGB,Truck,SelfServe
1352313822,60337,10510299,NMMARseatsecfmodsofaoutlbrwnstnd,Truck,SelfServe
1352313822,60337,30391766,FRSNcvrseatcshn62x62outdoorbeigeGB,Truck,SelfServe
1352313822,60337,30409295,KOLBJRNcabinetin/out80x81beige,Truck,SelfServe
1352313822,60337,40391836,DUVHOLMENinnerbckcshn62x44outdooroff-whiGB,Truck,SelfServe
1352313822,60337,40456286,MLLSTENbottompartoutflodeck0.81mdgrey,Truck,SelfServe
1352313822,60337,40510306,NMMARloungechroutlightbrownstained,Truck,SelfServe
1352313822,60337,50396094,KUGGparasolfrm300tilting/grey,Truck,SelfServe
1352313822,60337,50494141,RUNNENNedgingstripoutflrdeck4pcsdgrey4-p,Truck,SelfServe
1352313822,60337,60396121,LINDJAparasolcanp300beige,Truck,SelfServe
1352313822,60337,60409294,KOLBJRNshlvngunitin/out80x81beige,Truck,SelfServe
1352313822,60337,60518486,"RUNNENfloordeck,out0.81macacia9-p",Truck,SelfServe
1352313822,60337,70510300,"NMMARstool,out37x45foldable/lbrwnstnd",Truck,SelfServe
1352313822,60337,90391853,DUVHOLMENinnerseatcshn62x62outdooroff-whiGB,Truck,SelfServe
1352313822,60337,90511105,"NMMARchrwarmrsts,outlightbrownstained",Truck,SelfServe
1352312647,60338,347510,ENERYDAknob27mmchrome-plated2-p,Truck,SelfServe
1352312647,60339,214505,KOMPLsoftclsnghinge3-p,Truck,FullServeinternal
1352312647,60339,20214566,PAXwrdfrm100x58x201whiteN,Truck,FullServeinternal
1352312647,60339,40256942,KOMPLclothesrail50darkgrey,Truck,FullServeinternal
1352312647,60339,70214559,PAXwrdfrm50x58x201whiteN,Truck,FullServeinternal
1352312647,60339,80256940,KOMPLclothesrail100darkgrey,Truck,FullServeinternal
1352312647,60339,90510945,BERGSBOdoor50x195beige,Truck,FullServeinternal
1350778099,60341,257298,KOMPLmeshbskt100x58white,Customer,FullServeinternal
1350778099,60341,30263245,KOMPLp-outrailfbskt58white2-p,Customer,FullServeinternal
1352314474,60340,20214731,BRANSlaundbskt/lng80lrattan,Collect,Markethall
1352315399,60342,70292104,MOSSLANDApictureledge115black,Collect,Markethall
1352315399,60343,30351746,MICKEdrawerunitoncastors35x75oakeffect,Collect,SelfServe
1352315399,60343,40351741,MICKEdesk105x50oakeffect,Collect,SelfServe
1352315944,60344,80275887,KALLAXshelvingunit77x147white,Collect,SelfServe
1352316246,60345,80094014,REKOglass17clclearglass6-p,Collect,Markethall
1350806384,60346,50214560,PAXwrdfrm100x58x236whiteN,Customer,FullServeinternal
1352316957,60348,10269696,SUNDVIKwardrobe80x50x171white,Truck,SelfServe
1347243591,60347,40180805,ODENSVIKwash-basinsingle83x49x6,Customer,FullServeinternal
1347243591,60347,10304355,GONNmirrorcabw2drs80x14x96mirrorglass,Customer,FullServeinternal
1350879015,60349,10205614,UTRUSTAshelf60x37white2-p,Customer,FullServeinternal
1350869241,60350,70290360,SKUBBNstorcase93x55x19white,Truck,Markethall
1350869241,60351,40318978,BORGHAMNhandle426mm2-p,Truck,SelfServe
1350869241,60352,214505,KOMPLsoftclsnghinge3-p,Truck,FullServeinternal
1350869241,60352,10277984,KOMPLshelf100x58wsoeff,Truck,FullServeinternal
1350869241,60352,20201724,PAXwrdfrm50x58x201whitestainedoakeffect,Truck,FullServeinternal
1350869241,60352,40201723,PAXwrdfrm100x58x201whitestainedoakeffect,Truck,FullServeinternal
1350869241,60352,60473015,BERGSBOdoor50x195wsoeff,Truck,FullServeinternal
1350869241,60352,70246348,KOMPLNdrawer100x58wsoeff,Truck,FullServeinternal
1350869241,60352,70277981,KOMPLshelf50x58wsoeff,Truck,FullServeinternal
1350869241,60352,80256940,KOMPLclothesrail100darkgrey,Truck,FullServeinternal
1350869241,60352,80331930,HEIMdoor50x195mirrorglass,Truck,FullServeinternal
1350804330,60353,10246308,KOMPLNdrawer50x58white,Customer,FullServeinternal
1350804330,60353,30277959,KOMPLshelf50x58white,Customer,FullServeinternal
1352318209,60354,30281739,BYNNbodypuffmulticolour3-p,Collect,Markethall
1352318209,60355,10293564,STUBBARPlegwhite2-p,Collect,SelfServe
1352318209,60355,50293604,BESTsupportingleg10grey,Collect,SelfServe
1352318209,60356,30277959,KOMPLshelf50x58white,Collect,FullServeinternal
1352318209,60356,80214568,PAXwrdfrm50x58x236whiteN,Collect,FullServeinternal
1352318480,60357,40295528,BESTshelf56x36black-brown,Truck,SelfServe
1352318480,60357,60293566,STUBBARPlegblack-brown2-p,Truck,SelfServe
1352318480,60357,70490948,BJRKVIKENdoor60x64brownstainedoakveneer,Truck,SelfServe
1352318480,60357,80261258,BESTsoftclsng/push-openhinge2-p,Truck,SelfServe
1352318480,60357,90245946,BESTframe60x40x192black-brown,Truck,SelfServe
1352318619,60358,296313,SINDVIKglsdr60x64black-brown/clearglass,Truck,SelfServe
1352318619,60358,351248,BESTNdrwrfrm60x25x40black-brown,Truck,SelfServe
1352318619,60358,40291667,LAPPVIKENdoor/drawerfr60x38black-brown,Truck,SelfServe
1352318619,60358,40291672,LAPPVIKENdrawerfrt60x26black-brown,Truck,SelfServe
1352318619,60358,40295528,BESTshelf56x36black-brown,Truck,SelfServe
1352318619,60358,40296311,SINDVIKglsdr60x38black-brown/clearglass,Truck,SelfServe
1352318619,60358,40348715,BESTNdrwrrnnrssft-clsng2-p,Truck,SelfServe
1352318619,60358,40351246,BESTNdrwrfrm60x15x40black-brown,Truck,SelfServe
1352318619,60358,60245957,BESTframe60x20x38black-brown,Truck,SelfServe
1352318619,60358,60245962,BESTframe60x40x38black-brown,Truck,SelfServe
1352318619,60358,60293566,STUBBARPlegblack-brown2-p,Truck,SelfServe
1352318619,60358,60295532,BESTglassshelf56x36glass,Truck,SelfServe
1352318619,60358,70245952,BESTframe120x40x38black-brown,Truck,SelfServe
1352318619,60358,70488318,BESTNNsusprl60silver-colour,Truck,SelfServe
1352318619,60358,80261258,BESTsoftclsng/push-openhinge2-p,Truck,SelfServe
1352318619,60358,90245946,BESTframe60x40x192black-brown,Truck,SelfServe
1352318619,60358,90294512,BESTTVbnch120x40x38black-brown,Truck,SelfServe
1352318152,60359,10423886,NORDENNNgatetbl26/89/152x80white,Truck,SelfServe
1352319322,60360,30327252,HRLIGAglassdomewbase20clearglass,Collect,Markethall
1350887271,60361,10446883,FRNIMMANpowersuppcrd3.5mGB,Truck,Markethall
1350887271,60361,50356187,TRDFRIdrvrfwrlsscntrl10Wsmartgrey,Truck,Markethall
1350887271,60361,60529084,VERSIDANLEDwrdlghtstrpwsensor46dimwhiUK,Truck,Markethall
1350887271,60362,228705,BRIMNESday-bdfrmw2drwrs80x200whiteN,Truck,SelfServe
1350887271,60362,10357004,KALLRRhandle405mmstainlesssteel2-p,Truck,SelfServe
1350887271,60362,10486732,VANNpcktsprmatt80x200firm/beigeGB,Truck,SelfServe
1350887271,60362,40480856,GOTNESfoammatt80x200firm/lightblueGB,Truck,SelfServe
1350887271,60363,214505,KOMPLsoftclsnghinge3-p,Truck,FullServeinternal
1350887271,60363,10246308,KOMPLNdrawer50x58white,Truck,FullServeinternal
1350887271,60363,10257306,KOMPLmeshbskt50x58white,Truck,FullServeinternal
1350887271,60363,10368489,KOMPLsoftclsnghingefcornsect6-p,Truck,FullServeinternal
1350887271,60363,20423602,FORSANDdoor25x195white,Truck,FullServeinternal
1350887271,60363,30246722,KOMPLdrawer50x35white,Truck,FullServeinternal
1350887271,60363,30263245,KOMPLp-outrailfbskt58white2-p,Truck,FullServeinternal
1350887271,60363,30277959,KOMPLshelf50x58white,Truck,FullServeinternal
1350887271,60363,40256895,KOMPLclothesrail75white,Truck,FullServeinternal
1350887271,60363,60442383,FORSANDNdoor50x195white,Truck,FullServeinternal
1350887271,60363,70214559,PAXwrdfrm50x58x201whiteN,Truck,FullServeinternal
1350887271,60363,70214564,PAXwrdfrm75x58x201whiteN,Truck,FullServeinternal
1350887271,60363,70346932,PAXadd-oncrnrutw4shlvs53x58x201white,Truck,FullServeinternal
1350887271,60363,80331930,HEIMdoor50x195mirrorglass,Truck,FullServeinternal
1350887271,60363,90256893,KOMPLclothesrail50white,Truck,FullServeinternal
1350766914,60368,20214566,PAXwrdfrm100x58x201whiteN,Customer,FullServeinternal
1350766914,60368,30256891,KOMPLclothesrail100white,Customer,FullServeinternal
1350766914,60368,70277957,KOMPLshelf100x58white,Customer,FullServeinternal
1350766914,60368,90246352,KOMPLNdrawer100x58white,Customer,FullServeinternal
1350766914,60368,30263245,KOMPLp-outrailfbskt58white2-p,Customer,FullServeinternal
1350766914,60368,257298,KOMPLmeshbskt100x58white,Customer,FullServeinternal
1350766914,60368,214505,KOMPLsoftclsnghinge3-p,Customer,FullServeinternal
1350766914,60368,60442383,FORSANDNdoor50x195white,Customer,FullServeinternal
1350815834,60364,60263244,KOMPLp-outrailfbskt35white2-p,Customer,FullServeinternal
1352319953,60367,228705,BRIMNESday-bdfrmw2drwrs80x200whiteN,Truck,SelfServe
1352319953,60367,60481384,SVANGfoammatt80x200firm/whiteGB,Truck,SelfServe
1352317844,60365,20275814,KALLAXshelvingunit77x77white,Collect,SelfServe
1352317844,60365,20301554,KALLAXshelvingunit42x41white,Collect,SelfServe
1352319953,60366,426828,STOENSEruglowpile170x240mediumgrey,Truck,Markethall
1352320401,60369,10056770,DIMPAstorbag65x22x65transparent,Collect,Markethall
1352320401,60369,17228340,FRAKTAcarrierbaglarge55x37x35cm/71lblue,Collect,Markethall
1352320401,60369,20503236,KAOSIGfoldingbox48x35x24grey,Collect,Markethall
1352320401,60369,30524573,VINTERFINT2022string40mwhite/gold-colour,Collect,Markethall
1352320401,60369,50342237,ISTADNresealablebaggrey/white50-p,Collect,Markethall
1352320401,60369,50395382,PRKLAstorcase55x49x19,Collect,Markethall
1352320401,60369,50534632,SCKKRRAcarrierbag37x57x39cm/71lgreen,Collect,Markethall
1352320401,60369,60534288,SKYNKEcarrierbag45x36black/beigedotpattern,Collect,Markethall
1352320401,60369,60534641,SCKKRRAcarrierbag37x57x39cm/71lof-wh/blstr,Collect,Markethall
1352320401,60369,70534645,SCKKRRAstorcase55x49x19off-white/green,Collect,Markethall
1352320401,60369,90523014,SMYCKAartwreath22in/outdoorbeech,Collect,Markethall
1352320401,60369,90542668,BASTUAcarrierbag22x22x15cm/7lpink,Collect,Markethall
1350842867,60370,80474764,TROTTENtrolley80x40white,Customer,FullServeinternal
1352319586,60372,60498110,SEKINERhookfdrwhite,Collect,Markethall
1350801140,60371,80221451,UTRUSTAdrwrfrntlow40white,AfterSales,FullServeinternal
1352319586,60373,30428326,HYLLISshelvut60x27x74in/outdoor,Collect,SelfServe
1352319586,60373,20488504,HYLLISshelvut40x27x183in/outdoor,Collect,SelfServe
1352321210,60374,70530256,BISSANshoecab2comp49x28x93white,Collect,SelfServe
1352321637,60377,461379,KALASNNmugmixedcolours,Collect,Markethall
1352321637,60377,502105,LUGNAREscntdcndlinglss20hrJasmine/pink,Collect,Markethall
1352321637,60377,10339171,BEVARANsealclips30mixedcolours/mixedsizes,Collect,Markethall
1352321637,60377,10502379,ADLADscntdcndlinglss12hrScandWoods/whi,Collect,Markethall
1352321637,60377,20393247,IKEA365+jar3.3lround/glass,Collect,Markethall
1352321637,60377,20440362,SVENSSmemoboard40x60black,Collect,Markethall
1352321637,60377,30393497,IKEA365+lidround/glass,Collect,Markethall
1352321637,60377,30466224,TOTEBOblackbrdchalkpenwhite,Collect,Markethall
1352321637,60377,60280205,KUGGISboxwlid26x35x15white,Collect,Markethall
1352321637,60377,70177255,VARIERANbox34x24white,Collect,Markethall
1352321637,60377,80393249,IKEA365+jar1.7lround/glass,Collect,Markethall
1352321637,60377,80461380,KALASNNplatemixedcolours6-p,Collect,Markethall
1352321637,60377,80502111,STRTSKNscntdcndlinglss20hrBerries/red,Collect,Markethall
1352321637,60377,90066708,"IKEA365+dryfoodjarwlid2,3ltrp/white",Collect,Markethall
1352321210,60375,452544,PLATSAopenshoestorut80x40x60white,Collect,FullServeinternal
1352319508,60376,90451309,VESTMARKAsprmattStanDblmediumfirm/lblueGB,Truck,SelfServe
1352319570,60378,10178601,MALMchest/2drw40x55whitestainedoakveneer,Truck,SelfServe
1352319570,60378,50357002,KALLRRhandle213mmstainlesssteel2-p,Truck,SelfServe
1352319570,60379,214505,KOMPLsoftclsnghinge3-p,Truck,FullServeinternal
1352319570,60379,10257306,KOMPLmeshbskt50x58white,Truck,FullServeinternal
1352319570,60379,20201724,PAXwrdfrm50x58x201whitestainedoakeffect,Truck,FullServeinternal
1352319570,60379,30256891,KOMPLclothesrail100white,Truck,FullServeinternal
1352319570,60379,30263245,KOMPLp-outrailfbskt58white2-p,Truck,FullServeinternal
1352319570,60379,40201723,PAXwrdfrm100x58x201whitestainedoakeffect,Truck,FullServeinternal
1352319570,60379,70277981,KOMPLshelf50x58wsoeff,Truck,FullServeinternal
1352319570,60379,80331930,HEIMdoor50x195mirrorglass,Truck,FullServeinternal
1352319570,60379,90256893,KOMPLclothesrail50white,Truck,FullServeinternal
1352319570,60379,90434961,FORSANDdoor50x195wsoeff,Truck,FullServeinternal
1352320271,60380,70256931,KOMPLvalethngr17x5white,Truck,Markethall
1352320271,60381,80214549,MALMchest/2drw40x55whiteN,Truck,SelfServe
1352320271,60382,20214566,PAXwrdfrm100x58x201whiteN,Truck,FullServeinternal
1352320271,60382,30256891,KOMPLclothesrail100white,Truck,FullServeinternal
1352320271,60382,30277959,KOMPLshelf50x58white,Truck,FullServeinternal
1352320271,60382,40211977,PAXwrdfrm75x35x201whiteN,Truck,FullServeinternal
1352320271,60382,40256895,KOMPLclothesrail75white,Truck,FullServeinternal
1352320271,60382,40277992,KOMPLshelf50x35white,Truck,FullServeinternal
1352320271,60382,50257253,KOMPLshoeshlf100x35white,Truck,FullServeinternal
1352320271,60382,70214559,PAXwrdfrm50x58x201whiteN,Truck,FullServeinternal
1352320271,60382,70214564,PAXwrdfrm75x58x201whiteN,Truck,FullServeinternal
1352320271,60382,70277957,KOMPLshelf100x58white,Truck,FullServeinternal
1352320271,60382,70277995,KOMPLshelf75x35white,Truck,FullServeinternal
1352320271,60382,70346932,PAXadd-oncrnrutw4shlvs53x58x201white,Truck,FullServeinternal
1352320271,60382,80257261,KOMPLshoeshlf75x35white,Truck,FullServeinternal
1352320271,60382,80509481,KOMPLNp-outtrsrhngr75x35darkgrey,Truck,FullServeinternal
1352320271,60382,90256893,KOMPLclothesrail50white,Truck,FullServeinternal
1352320271,60382,90277961,KOMPLshelf75x58white,Truck,FullServeinternal
1352320271,60382,90404822,MALMNottomanbedStanKgwhiteGB,Truck,FullServeinternal
1352321925,60384,4375085,FIXAdiffusionbarrierchrome-plated,Truck,Markethall
1352321925,60384,80398058,HLLBARbinwlid10llightgrey,Truck,Markethall
1352322117,60383,30295656,FISKBOframe21x30black,Collect,Markethall
1352321925,60385,10205483,BODBYNdoor20x80off-white,Truck,SelfServe
1352321925,60385,10338421,BAGGANSknob20mmstainlesssteel2-p,Truck,SelfServe
1352321925,60386,205493,BODBYNdrawerfrt80x40off-white,Truck,FullServeinternal
1352321925,60386,205501,BODBYNdrawerfrt60x40off-white,Truck,FullServeinternal
1352321925,60386,205662,UTRUSTAshelfcrwallcb68white,Truck,FullServeinternal
1352321925,60386,212554,MEcrnrwllcbfrm68x68x60white,Truck,FullServeinternal
1352321925,60386,285036,MANdrwrmed40x60whiteI,Truck,FullServeinternal
1352321925,60386,10205614,UTRUSTAshelf60x37white2-p,Truck,FullServeinternal
1352321925,60386,10205633,MEfrmbasecb80x60x80white,Truck,FullServeinternal
1352321925,60386,10301960,UTRUSTAbrktfovengalvanised,Truck,FullServeinternal
1352321925,60386,10311539,LILLVIKENwatertrap/strainer1bowl,Truck,FullServeinternal
1352321925,60386,20204652,UTRUSTAdrwrfrntlow80white,Truck,FullServeinternal
1352321925,60386,20285040,MANdrwrmed80x60whiteI,Truck,FullServeinternal
1352321925,60386,20297279,MAintfittpull-out20I,Truck,FullServeinternal
1352321925,60386,20359229,HAVSENsinkbowlwvsblfrnt62x48white,Truck,FullServeinternal
1352321925,60386,30205496,BODBYNdrawerfrt40x20off-white,Truck,FullServeinternal
1352321925,60386,30205613,UTRUSTAshelf40x60white2-p,Truck,FullServeinternal
1352321925,60386,30212562,MEfrmbasecb20x60x80white,Truck,FullServeinternal
1352321925,60386,30238859,MAadd-onsidefdrwrmed60glass2-p,Truck,FullServeinternal
1352321925,60386,30261307,FRBTTRAdecoplnth221x8off-white,Truck,FullServeinternal
1352321925,60386,30312236,UTRUSTAconnrailffrntsI,Truck,FullServeinternal
1352321925,60386,40204651,UTRUSTAdrwrfrntlow60white,Truck,FullServeinternal
1352321925,60386,40205599,MEleg84-p,Truck,FullServeinternal
1352321925,60386,40234436,FRBTTRAcvrpnl39x86off-white,Truck,FullServeinternal
1352321925,60386,50205495,BODBYNdrawerfrt60x10off-white2-p,Truck,FullServeinternal
1352321925,60386,50238858,MAadd-onsidefdrwrhigh60glass2-p,Truck,FullServeinternal
1352321925,60386,50285034,MANdrwrlow80x60whiteI,Truck,FullServeinternal
1352321925,60386,60205485,BODBYNdoor60x60off-white,Truck,FullServeinternal
1352321925,60386,60285024,MANdrwrhigh60x45whiteI,Truck,FullServeinternal
1352321925,60386,60335199,KARLBYNwt246x3.8oak/veneer,Truck,FullServeinternal
1352321925,60386,70205480,BODBYNdoor40x80off-white,Truck,FullServeinternal
1352321925,60386,70213569,MEbasecbfb-inoven/sink60x60x80white,Truck,FullServeinternal
1352321925,60386,70285028,MANdrwrhigh80x60whiteI,Truck,FullServeinternal
1352321925,60386,80205535,MEfrmwllcb60x37x60white,Truck,FullServeinternal
1352321925,60386,80208261,BODBYNdrawerfrt60x20off-white,Truck,FullServeinternal
1352321925,60386,80213432,MEfrmbasecb40x60x80white,Truck,FullServeinternal
1352321925,60386,80519946,VIMMERNNkitmixtap/hndspstainlesssteelcolGB,Truck,FullServeinternal
1352321925,60386,80524882,UTRUSTANNhingewb-indmprfktchn1102-p,Truck,FullServeinternal
1352321925,60386,90205484,BODBYNdoor40x60off-white,Truck,FullServeinternal
1352321925,60386,90205498,BODBYNdrawerfrt80x20off-white,Truck,FullServeinternal
1352321925,60386,90285032,MANdrwrlow60x60whiteI,Truck,FullServeinternal
1350818197,60387,30382347,HOKKSUND4pnlsfsldngdrfrm75x201hi-gllgrey,Customer,FullServeinternal
1350818197,60387,10458183,PAXNNsliddrspairfrmwrail150x201alum,Customer,FullServeinternal
1350818197,60387,60211274,AULI4pnlsfsldngdrfrm75x201mirrorglass,Customer,FullServeinternal
1350818197,60387,60246396,KOMPLdividerffrms75-100x58white,Customer,FullServeinternal
1350818197,60387,10257306,KOMPLmeshbskt50x58white,Customer,FullServeinternal
1350818197,60387,10246308,KOMPLNdrawer50x58white,Customer,FullServeinternal
1350818197,60387,70214564,PAXwrdfrm75x58x201whiteN,Customer,FullServeinternal
1350818197,60387,30263245,KOMPLp-outrailfbskt58white2-p,Customer,FullServeinternal
1350818197,60387,20257315,KOMPLmeshbskt75x58white,Customer,FullServeinternal
1350818197,60387,90277961,KOMPLshelf75x58white,Customer,FullServeinternal
1350818197,60387,40256895,KOMPLclothesrail75white,Customer,FullServeinternal
1352322438,60388,428549,SKUBBNboxs6white,Collect,Markethall
1352322438,60389,20278167,KALLAXinsertwdoor33x33white,Collect,SelfServe
1350895912,60390,20214566,PAXwrdfrm100x58x201whiteN,Customer,FullServeinternal
1350895912,60390,70214559,PAXwrdfrm50x58x201whiteN,Customer,FullServeinternal
1350895912,60390,70277957,KOMPLshelf100x58white,Customer,FullServeinternal
1350895912,60390,30256891,KOMPLclothesrail100white,Customer,FullServeinternal
1350895912,60390,90246352,KOMPLNdrawer100x58white,Customer,FullServeinternal
1352323304,60391,100467,PAPPISboxwlid25x34x26brown,Collect,Markethall
1352323304,60391,473693,KNALLANbag40x25x47cm/47lblack/white,Collect,Markethall
1352323304,60391,10056770,DIMPAstorbag65x22x65transparent,Collect,Markethall
1352323304,60391,10477049,DUNDERGUBBEmovingbox50x31x40brown,Collect,Markethall
1352323304,60391,10482036,RENSAREwaterproofbag16x12x24cm/2.5l,Collect,Markethall
1352323304,60391,20504194,GRSNYGGcarrierbagla57x37x39cm/71llbeige,Collect,Markethall
1352323304,60391,30432502,RENSAREclothesbags3checkpattern/greyblack,Collect,Markethall
1352323304,60391,30522381,PRKLAshoebag48x22,Collect,Markethall
1352323304,60391,40504193,GRSNYGGstorcase55x49x19white/transparent,Collect,Markethall
1352323304,60391,40534562,DUNDERGUBBEmovingbox64x34x40cm/80lbrown,Collect,Markethall
1352323304,60391,50395382,PRKLAstorcase55x49x19,Collect,Markethall
1352324528,60394,90184047,MARIUSstool45white,Collect,SelfServe
1352324166,60392,40545283,SORTSrugflatwoven55x85lightgreen,Collect,Markethall
1352324528,60393,428549,SKUBBNboxs6white,Collect,Markethall
1352324523,60395,20378464,RIBBANNframe50x23white,Collect,Markethall
1352324523,60395,60399902,SANDSHULTbracket18x22aspen,Collect,Markethall
1352324523,60395,70421238,BERGSHULTshelf80x20white,Collect,Markethall
1352322177,60396,30295656,FISKBOframe21x30black,Collect,Markethall
1352322177,60396,40243596,LILLNAGGENsqueegee,Collect,Markethall
1352322177,60396,70118968,JLLlaundbag/stand70lwhite,Collect,Markethall
1352322177,60396,90224048,SKUBBlaundbag/stand80lwhite,Collect,Markethall
1352325156,60397,263850,BILLYNNNbookcs80x28x202white,Truck,SelfServe
1352325415,60398,50180027,MICKEadd-onunithigh105x65black-brown,Collect,SelfServe
1352323564,60399,50467883,SMAKLIGinductionhob59IKEA500black,Truck,FullServeinternal
1352326757,60401,20396929,FRIDANSblck-outrllrblnd200x195grey,Collect,Markethall
1352325678,60400,80242892,JLLdryingrckin/outwhite,Collect,SelfServe
1352369913,60402,90520746,KOLBJRNcabinetin/out80x81brown-red,Customer,FullServeinternal
1352326702,60403,20110540,KNIPSAbasket32x33x32seagrass,Collect,Markethall
1352326803,60404,20434115,SMSTADdrawerfrt60x30green,Truck,FullServeinternal
1352326803,60404,40436774,KONSTRUERAdrwrwithoutfront30x60white,Truck,FullServeinternal
1352326803,60404,50454036,SMSTADloftbdfrmwdsk+stor90x200white,Truck,FullServeinternal
1352327052,60405,10339171,BEVARANsealclips30mixedcolours/mixedsizes,Truck,Markethall
1352327052,60405,20476346,RINNIGteatowel45x60whidgrey/patterned4-p,Truck,Markethall
1352327052,60405,20482494,DVALAfittsheetDBLlightgreyUK,Truck,Markethall
1352327052,60405,20549668,DVALApwc50x80grey-green2-p,Truck,Markethall
1352327052,60405,40243214,NEJLIKApwc74x75white,Truck,Markethall
1352327052,60405,60357247,DVALANpwc50x80black2-p,Truck,Markethall
1352327052,60405,60476354,RINNIGteatowel45x60white/green/patterned4-p,Truck,Markethall
1352327052,60405,80236103,NEJLIKApillow74x75whiteGB,Truck,Markethall
1352327052,60405,90460573,VILDKORNpillowhigh50x80GB,Truck,Markethall
1352372348,60407,40436991,LOMMARPbookcs65x199lightbeige,Customer,FullServeinternal
1352327052,60406,40482515,MALMchest/6drw80x123greystained,Truck,SelfServe
1352327052,60406,50516063,TROFASTframe34x44x56white,Truck,SelfServe
1352327052,60406,80089239,TROFASTNstorbox42x30x10white,Truck,SelfServe
1352327518,60408,70313007,HAMPENrughighpile133x195grey,Collect,Markethall
1352327215,60409,351743,MICKEadd-onunithigh105x65oakeffect,Collect,SelfServe
1352368779,60410,30404028,KOMPLinsfjwllry25x53x5lightgrey,Truck,SelfServe
1352368779,60410,50334303,BILLSBROhandle120mmwhite2-p,Truck,SelfServe
1352368779,60410,50404032,KOMPLinsertw4comp25x53x5lightgrey,Truck,SelfServe
1352368779,60410,70404026,KOMPLinsertw4comp15x53x5lightgrey,Truck,SelfServe
1352368779,60411,214505,KOMPLsoftclsnghinge3-p,Truck,FullServeinternal
1352368779,60411,421185,MEHAMN4pnlsfsldngdrfrm100x201wsoeff/wh,Truck,FullServeinternal
1352368779,60411,10211276,AULI4pnlsfsldngdrfrm100x201mirrorglass,Truck,FullServeinternal
1352368779,60411,10246308,KOMPLNdrawer50x58white,Truck,FullServeinternal
1352368779,60411,20214566,PAXwrdfrm100x58x201whiteN,Truck,FullServeinternal
1352368779,60411,20246360,KOMPLp-outtray50x58white,Truck,FullServeinternal
1352368779,60411,20246708,KOMPLdrwrwglssfrnt100x58white,Truck,FullServeinternal
1352368779,60411,30256891,KOMPLclothesrail100white,Truck,FullServeinternal
1352368779,60411,30277959,KOMPLshelf50x58white,Truck,FullServeinternal
1352368779,60411,40458191,PAXNNsliddrspairfrmwrail200x201white,Truck,FullServeinternal
1352368779,60411,60442383,FORSANDNdoor50x195white,Truck,FullServeinternal
1352368779,60411,70214559,PAXwrdfrm50x58x201whiteN,Truck,FullServeinternal
1352368779,60411,70246386,KOMPLp-outtray100x58white,Truck,FullServeinternal
1352368779,60411,70257638,KOMPLglassshelf100x58white,Truck,FullServeinternal
1352368779,60411,70277957,KOMPLshelf100x58white,Truck,FullServeinternal
1352368779,60411,90246352,KOMPLNdrawer100x58white,Truck,FullServeinternal
1352368779,60411,90256893,KOMPLclothesrail50white,Truck,FullServeinternal
1352327541,60413,426282,BERGSHULTshelf80x30brown-black,Truck,Markethall
1352327541,60413,30430536,GRANHULTbracket30x12nickel-plated2-p,Truck,Markethall
1352327541,60413,80430534,GRANHULTjointingbracket30x12nickel-plated,Truck,Markethall
1352327796,60412,537652,RFFELBJRKvase20mother-of-pearlcolour,Collect,Markethall
1352327541,60414,392461,HEMNESchest/2drw54x66greystained,Truck,SelfServe
1352327541,60414,10365928,NORDLImdlrchstof3drwrs40x68anthracite,Truck,SelfServe
1352327541,60414,30366007,NORDLItop+plnth80x47anthracite,Truck,SelfServe
1352327541,60414,30392469,HEMNESchest/8drw160x96greystained,Truck,SelfServe
1352327541,60414,50391421,NORDLItop+plnth40x47anthracite,Truck,SelfServe
1352327541,60414,60365855,NORDLImdlrchstof2drwrs80x45anthracite,Truck,SelfServe
1352328408,60416,334923,KUNGSFORSmagneticclipstainlesssteel3-p,Collect,Markethall
1352328408,60416,40498234,VINDSTYRKAairqualitysensorsmartEU,Collect,Markethall
1352374477,60415,50422494,GODISHUSwardrobe60x51x178white,Truck,SelfServe
1352327476,60417,20320802,SKDIShookwhite5-p,Truck,Markethall
1352327476,60417,20519888,SKDIShook19mmwhite5-p,Truck,Markethall
1352327476,60417,50335618,SKDIShookwhite2-p,Truck,Markethall
1352327476,60417,80534372,SKDISpgbrd36x56black,Truck,Markethall
1352327476,60418,214505,KOMPLsoftclsnghinge3-p,Truck,FullServeinternal
1352327476,60418,10368489,KOMPLsoftclsnghingefcornsect6-p,Truck,FullServeinternal
1352327476,60418,20207410,BERGSBOdoor50x195white,Truck,FullServeinternal
1352327476,60418,20214566,PAXwrdfrm100x58x201whiteN,Truck,FullServeinternal
1352327476,60418,20246360,KOMPLp-outtray50x58white,Truck,FullServeinternal
1352327476,60418,30256891,KOMPLclothesrail100white,Truck,FullServeinternal
1352327476,60418,70214559,PAXwrdfrm50x58x201whiteN,Truck,FullServeinternal
1352327476,60418,70277957,KOMPLshelf100x58white,Truck,FullServeinternal
1352327476,60418,70346932,PAXadd-oncrnrutw4shlvs53x58x201white,Truck,FullServeinternal
1352329857,60419,177225,STDJAcutlerytray51x50white,Collect,Markethall
1352329857,60419,542998,KORKENbttlewstppr0.5lclgls/pattlyel,Collect,Markethall
1352329857,60419,20132453,TRYGGservbowl28clearglass,Collect,Markethall
1352329857,60419,20448834,HULTARPcontainer31x16black/mesh,Collect,Markethall
1352329857,60419,20508408,FEJKAartiptpl9in/out/Stringofbananashang,Collect,Markethall
1352329857,60419,20543001,KORKENbttlewstppr1lbrown,Collect,Markethall
1352329857,60419,30213552,KORKENbttlewstppr1lclearglass,Collect,Markethall
1352329857,60419,40323654,KORKENjar/lid13clclearglass3-p,Collect,Markethall
1352329857,60419,40508407,FEJKAartpottplntwpots35in/outdoorherbs,Collect,Markethall
1352329857,60419,40508884,SAGOGRYNplantpot9grey/handmade,Collect,Markethall
1352329857,60419,50213546,KORKENjar/lid1lclearglass,Collect,Markethall
1352329857,60419,50512649,TOLKNINGbskthangs2handmadebamboo,Collect,Markethall
1352329857,60419,70213545,KORKENjar/lid0.5lclearglass,Collect,Markethall
1352329857,60419,70466811,FEJKAartifipttdplant9in/outhanging/eucal,Collect,Markethall
1352329857,60419,70532062,HGAFFELwallhook3-p,Collect,Markethall
1352329857,60419,90213549,KORKENjar/lid2lclearglass,Collect,Markethall
1352329857,60419,90279719,IKEA365+carafewstppr1lclearglass/cork,Collect,Markethall
1352329857,60419,90538001,FEJKAartpttdplntwpot6in/outwhi/green,Collect,Markethall
1348972323,60421,70256931,KOMPLvalethngr17x5white,Truck,Markethall
1352329857,60420,20312492,OBSERVATRclip-onbasketgrey-brown,Collect,SelfServe
1352329857,60420,40448036,TENHULTstepstool43x40x50bamboo,Collect,SelfServe
1348972323,60422,10357004,KALLRRhandle405mmstainlesssteel2-p,Truck,SelfServe
1348972323,60423,246417,KOMPLdividerffrms100x58white,Truck,FullServeinternal
1348972323,60423,10246308,KOMPLNdrawer50x58white,Truck,FullServeinternal
1348972323,60423,10257306,KOMPLmeshbskt50x58white,Truck,FullServeinternal
1348972323,60423,30214504,KOMPLsoftclsnghinge4-p,Truck,FullServeinternal
1348972323,60423,30256891,KOMPLclothesrail100white,Truck,FullServeinternal
1348972323,60423,30263245,KOMPLp-outrailfbskt58white2-p,Truck,FullServeinternal
1348972323,60423,30277959,KOMPLshelf50x58white,Truck,FullServeinternal
1348972323,60423,50214560,PAXwrdfrm100x58x236whiteN,Truck,FullServeinternal
1348972323,60423,50330606,FARDALdoor50x229high-glosslightgrey,Truck,FullServeinternal
1348972323,60423,70246683,KOMPLdrwrwglssfrnt50x58white,Truck,FullServeinternal
1348972323,60423,70277957,KOMPLshelf100x58white,Truck,FullServeinternal
1348972323,60423,80214568,PAXwrdfrm50x58x236whiteN,Truck,FullServeinternal
1348972323,60423,80410055,HEIMdoor50x229mirrorglass,Truck,FullServeinternal
1348972323,60423,90256893,KOMPLclothesrail50white,Truck,FullServeinternal
1352330031,60424,90309245,KULLENNchest/6drw140x72white,Collect,SelfServe
1352330478,60425,20341965,BLDDRAbox33x38x33grey,Truck,Markethall
1352330478,60426,30219281,DRNAbox33x38x33black,Truck,SelfServe
1352330478,60426,80275887,KALLAXshelvingunit77x147white,Truck,SelfServe
1352330873,60427,50424054,MALMNchest/4drw80x100high-glosswhite,Collect,SelfServe
1352330819,60428,10378445,RIBBANNframe10x15black,Truck,Markethall
1352330819,60428,50378410,RIBBANframe10x15white,Truck,Markethall
1352330819,60429,10408683,HACKShandle300mmwhite2-p,Truck,SelfServe
1352330819,60429,90282180,LACKNwllshlf110x26white,Truck,SelfServe
1352330819,60430,214505,KOMPLsoftclsnghinge3-p,Truck,FullServeinternal
1352330819,60430,10246308,KOMPLNdrawer50x58white,Truck,FullServeinternal
1352330819,60430,30072255,KLIPPANfrmso2liningclothGB,Truck,FullServeinternal
1352330819,60430,30277959,KOMPLshelf50x58white,Truck,FullServeinternal
1352330819,60430,30388759,KLIPPANcvrfso2FlackarpmediumgreyGB,Truck,FullServeinternal
1352330819,60430,70214559,PAXwrdfrm50x58x201whiteN,Truck,FullServeinternal
1352330819,60430,90190524,FARDALdoor50x195high-glosswhite,Truck,FullServeinternal
1352330819,60430,90256893,KOMPLclothesrail50white,Truck,FullServeinternal
1352331030,60431,428549,SKUBBNboxs6white,Collect,Markethall
1352331030,60432,20393662,KULLENNNchest/5drw70x112white,Collect,SelfServe
1352331030,60432,90462355,MALMhdbrdcvrw2pllwsStanKgIdekulladgreyGB,Collect,SelfServe
1352384601,60434,70246683,KOMPLdrwrwglssfrnt50x58white,Customer,FullServeinternal
1352384601,60434,10246308,KOMPLNdrawer50x58white,Customer,FullServeinternal
1352331942,60433,10443974,DRNANbox33x38x33darkgrey,Collect,SelfServe
1352330516,60435,20400016,MUSIKwlllmpchrome-platedGB,Truck,Markethall
1352330516,60435,60518472,SOLHETTAE14250lmglobeopalwhi2-pUK,Truck,Markethall
1352332569,60438,44881100,KOLONNfloorprotector120x100,Collect,SelfServe
1352330516,60436,10203610,MALMdresstbl120x41white,Truck,SelfServe
1352330516,60436,20320312,NISSEDALmirror65x65white,Truck,SelfServe
1345368239,60441,20214566,PAXwrdfrm100x58x201whiteN,Customer,FullServeinternal
1345368239,60441,30256891,KOMPLclothesrail100white,Customer,FullServeinternal
1345368239,60441,20246708,KOMPLdrwrwglssfrnt100x58white,Customer,FullServeinternal
1345368239,60441,70277957,KOMPLshelf100x58white,Customer,FullServeinternal
1345368239,60441,70214564,PAXwrdfrm75x58x201whiteN,Customer,FullServeinternal
1345368239,60441,40256895,KOMPLclothesrail75white,Customer,FullServeinternal
1345368239,60441,70346932,PAXadd-oncrnrutw4shlvs53x58x201white,Customer,FullServeinternal
1345368239,60441,30246722,KOMPLdrawer50x35white,Customer,FullServeinternal
1352332569,60437,10514358,LNESPELAREringlightwphonehldr,Collect,Markethall
1352332569,60437,40415031,KOPPLAN3-prtUSBchrgrwhiteGB,Collect,Markethall
1352384187,60440,30256891,KOMPLclothesrail100white,Customer,FullServeinternal
1350762454,60439,20481692,KREHAMNfoammattStanKgfirm/whiteGB,Customer,FullServeinternal
1350855337,60442,40459992,UPPDATERANdividerfdrawer60white,Customer,FullServeinternal
1352397625,60446,30256891,KOMPLclothesrail100white,Customer,FullServeinternal
1352397625,60446,257298,KOMPLmeshbskt100x58white,Customer,FullServeinternal
1352397625,60446,30263245,KOMPLp-outrailfbskt58white2-p,Customer,FullServeinternal
1350790257,60443,80470030,VALEVGpcktsprmattStanKgfirm/lightblueGB,AfterSales,SelfServe
1352333239,60445,366301,BEKANTtbltp160x80whitestainedoakveneer,Collect,FullServeinternal
1352333239,60445,40278307,BEKANTufrmsi/stftbltopel160x80whiteGB,Collect,FullServeinternal
1352333923,60444,30403571,MALMNchest/4drw80x100whiteN,Truck,SelfServe
1352333923,60444,40407922,BRIMNESNwardrobe/3drs117x190white,Truck,SelfServe
1352333923,60444,60403584,MALMNchest/6drw160x78whiteN,Truck,SelfServe
1352333923,60444,90467089,GONATTNcotwdrwr70x140white,Truck,SelfServe
1352394914,60447,60246396,KOMPLdividerffrms75-100x58white,Customer,FullServeinternal
1352394914,60447,10246308,KOMPLNdrawer50x58white,Customer,FullServeinternal
1352334982,60448,428549,SKUBBNboxs6white,Truck,Markethall
1352397032,60451,80214568,PAXwrdfrm50x58x236whiteN,Customer,FullServeinternal
1352397032,60451,30214504,KOMPLsoftclsnghinge4-p,Customer,FullServeinternal
1352397032,60451,30160407,BERGSBOdoor50x229white,Customer,FullServeinternal
1352397032,60451,30277959,KOMPLshelf50x58white,Customer,FullServeinternal
1352397032,60451,90256893,KOMPLclothesrail50white,Customer,FullServeinternal
1352394471,60450,30440413,ENHETbscbfovenwdrw60x60x75white,Customer,FullServeinternal
1352394471,60450,30457677,ENHETdrwrfrntfbscbfov60x14grey,Customer,FullServeinternal
1352394471,60450,40440422,ENHETbscbw3drwrs40x60x75white,Customer,FullServeinternal
1352394471,60450,60457671,ENHETdrawerfrt40x15grey,Customer,FullServeinternal
1352394471,60450,40457672,ENHETdrawerfrt40x30greyframe2-p,Customer,FullServeinternal
1352394471,60450,90449019,ENHETlegsfcb12.5anthracite2-p,Customer,FullServeinternal
1352334982,60449,20263830,BILLYNNNbookcs40x28x106black-brown,Truck,SelfServe
1352334982,60449,70429611,MALMNchest/3drw40x78black-brown,Truck,SelfServe
1352335931,60452,473546,ALEXdrawerut36x70white,Collect,SelfServe
1352371421,60453,70277957,KOMPLshelf100x58white,Customer,FullServeinternal
1352371421,60453,30256891,KOMPLclothesrail100white,Customer,FullServeinternal
1352371421,60453,90246352,KOMPLNdrawer100x58white,Customer,FullServeinternal
1352337147,60454,90488100,ELDTORNroomdarkcrtns1pr145x250grey-turq,Collect,Markethall
1352337147,60455,30550779,KORSNINGrugflatwin/out200x300yel/pk/striped,Collect,FullServeinternal
1322780139,87007,527158,VINTERFINT2022deco30hm/Christmastreegreen,Collect,SelfServe
1352337268,60456,50278726,LURYslatbdbseStanDblGB,Truck,SelfServe
1352337268,60457,90458914,IDANSbedfrmStanDbldarkbrownstainedGB,Truck,FullServeinternal
1352334816,60458,473546,ALEXdrawerut36x70white,Truck,SelfServe
1352334816,60458,90217972,ADILSlegwhite,Truck,SelfServe
1352370285,60461,90311540,LILLVIKENwatertrap/strainer2bowls,Customer,FullServeinternal
1352337796,60459,10357004,KALLRRhandle405mmstainlesssteel2-p,Truck,SelfServe
1352337796,60460,214505,KOMPLsoftclsnghinge3-p,Truck,FullServeinternal
1352337796,60460,20207410,BERGSBOdoor50x195white,Truck,FullServeinternal
1352337796,60460,30277959,KOMPLshelf50x58white,Truck,FullServeinternal
1352337796,60460,40256895,KOMPLclothesrail75white,Truck,FullServeinternal
1352337796,60460,70214559,PAXwrdfrm50x58x201whiteN,Truck,FullServeinternal
1352337796,60460,90277961,KOMPLshelf75x58white,Truck,FullServeinternal
1352406389,60462,10277984,KOMPLshelf100x58wsoeff,Customer,FullServeinternal
1352338939,60463,20488504,HYLLISshelvut40x27x183in/outdoor,Collect,SelfServe
1350818352,60464,60431718,FRIHETENsb3HylliebeigeGB,Truck,FullServeinternal
1352339784,60465,50458831,IDANSwrd121x211darkbrownstained,Truck,SelfServe
1352339784,60465,80458815,IDANSbdstable47x40darkbrownstained,Truck,SelfServe
1352339784,60465,80458839,IDANSopenward59x211darkbrownstained,Truck,SelfServe
1352340212,60467,10520260,DELLVTRDLEDblckcndl14white/indoor,Collect,Markethall
1352340212,60467,60193128,LOCKIGchildren'spottywhite/green,Collect,Markethall
1352340212,60467,80429757,YLLEVADframe21x30white,Collect,Markethall
1352340212,60467,80532684,TOFTLUNDrug55x85lightgreen,Collect,Markethall
1352375279,60466,90277961,KOMPLshelf75x58white,Customer,FullServeinternal
1352408441,60468,10458989,IDANSuphottomanbedStanDblGunnareddgreyGB,Truck,FullServeinternal
1350914521,60469,30195548,BRVIKENwash-basinsingle61x49x10white,Customer,FullServeinternal
1350914521,60469,60400321,SALJENwash-basinmxtpblackGB,Customer,FullServeinternal
1352340302,60470,30141126,BSTISlintrollerrefill4-p,Collect,Markethall
1352416139,60471,70214564,PAXwrdfrm75x58x201whiteN,Customer,FullServeinternal
1352416139,60471,40256895,KOMPLclothesrail75white,Customer,FullServeinternal
1352340803,60472,473546,ALEXdrawerut36x70white,Collect,SelfServe
1352341232,60473,20393662,KULLENNNchest/5drw70x112white,Collect,SelfServe
1347635284,47820,60272837,KOMPLdrawer100x35wsoeff,AfterSales,FullServeinternal
1352336797,60474,20468110,FRSEGLAcoaster9bamboo2-p,Collect,Markethall
1352336797,60475,60518108,NACKANStable80acacia,Collect,SelfServe
1352342236,60479,402813,DJUNGELSKOGsofttoybrownbear,Collect,Markethall
1352336797,60476,547038,KLINTENchrbrown/KilandalightbeigeGB,Collect,FullServeinternal
1352342194,60477,30506753,RANNSTVbnchwdrs178x42black/blackglass,Truck,FullServeinternal
1352340188,60478,10489537,BEKRFTAcurtainrodset120-210cm19mmblack,Collect,Markethall
1352340188,60478,70489695,BEKRFTAdblcrtnrodset120-210cm19mmblack,Collect,Markethall
1352342648,60480,461379,KALASNNmugmixedcolours,Truck,Markethall
1352342648,60480,10486652,OLIVBLADplantstand35in/outdoorblack,Truck,Markethall
1352342648,60480,10492455,TJABBAmagazfilewhite2-p,Truck,Markethall
1352342648,60480,20461378,KALASNNbowlmixedcolours6-p,Truck,Markethall
1352342648,60480,30493350,FEJKAartifipttdplant12in/outdoorMonstera,Truck,Markethall
1352342648,60480,40499002,SLIBBhangclthspeg8-p,Truck,Markethall
1352342648,60481,10443974,DRNANbox33x38x33darkgrey,Truck,SelfServe
1352342648,60481,20275814,KALLAXshelvingunit77x77white,Truck,SelfServe
1352342648,60481,30219281,DRNAbox33x38x33black,Truck,SelfServe
1352342648,60481,80275887,KALLAXshelvingunit77x147white,Truck,SelfServe
1352421767,60482,20214566,PAXwrdfrm100x58x201whiteN,Customer,FullServeinternal
1352421767,60482,214505,KOMPLsoftclsnghinge3-p,Customer,FullServeinternal
1352421767,60482,20207410,BERGSBOdoor50x195white,Customer,FullServeinternal
1352421767,60482,30256891,KOMPLclothesrail100white,Customer,FullServeinternal
1352421767,60482,70277957,KOMPLshelf100x58white,Customer,FullServeinternal
1352423136,60485,80403564,MALMNchest/3drw80x78whitestainedoakveneer,Truck,SelfServe
1352343197,60483,40409935,KALLAXshelvingunit112x147whstoakeff,Collect,SelfServe
1352418434,60484,80445253,MEHAMN4pnlsfsldngdrfrm100x236oakeff/lgrey,Customer,FullServeinternal
1352423016,60486,80230224,UTRUSTApushopener2-p,Customer,FullServeinternal
1352344352,60487,395624,NYPONplantpot24in/outdoorgrey,Truck,Markethall
1352344352,60487,10485252,FEJKAartifipttdplant23in/outKentiapalm,Truck,Markethall
1352344737,60490,324518,KALLAXNshelvingunit77x147whstoakeff,Collect,SelfServe
1352344737,60490,80515873,TROFASTstortraywcomp42x30x5grey,Collect,SelfServe
1352344748,60488,30404028,KOMPLinsfjwllry25x53x5lightgrey,Truck,SelfServe
1352344748,60488,50404027,KOMPLinsertwcomp40x53x5lightgrey,Truck,SelfServe
1352344748,60488,50404032,KOMPLinsertw4comp25x53x5lightgrey,Truck,SelfServe
1352344748,60489,10211276,AULI4pnlsfsldngdrfrm100x201mirrorglass,Truck,FullServeinternal
1352344748,60489,10277984,KOMPLshelf100x58wsoeff,Truck,FullServeinternal
1352344748,60489,20201724,PAXwrdfrm50x58x201whitestainedoakeffect,Truck,FullServeinternal
1352344748,60489,30246388,KOMPLp-outtray100x58wsoeff,Truck,FullServeinternal
1352344748,60489,30256891,KOMPLclothesrail100white,Truck,FullServeinternal
1352344748,60489,40201723,PAXwrdfrm100x58x201whitestainedoakeffect,Truck,FullServeinternal
1352344748,60489,50246306,KOMPLNdrawer50x58wsoeff,Truck,FullServeinternal
1352344748,60489,60257648,KOMPLglassshelf100x58wsoeff,Truck,FullServeinternal
1352344748,60489,70246348,KOMPLNdrawer100x58wsoeff,Truck,FullServeinternal
1352344748,60489,70277981,KOMPLshelf50x58wsoeff,Truck,FullServeinternal
1352344748,60489,80458189,PAXNNsliddrspairfrmwrail200x201alum,Truck,FullServeinternal
1352344737,60491,256944,KOMPLclothesrail75darkgrey,Collect,FullServeinternal
1352344737,60491,20257315,KOMPLmeshbskt75x58white,Collect,FullServeinternal
1352344737,60491,30211275,AULI4pnlsfsldngdrfrm75x236mirrorglass,Collect,FullServeinternal
1352344737,60491,30263245,KOMPLp-outrailfbskt58white2-p,Collect,FullServeinternal
1352344737,60491,40421188,MEHAMN4pnlsfsldngdrfrm75x236wsoeff/wh,Collect,FullServeinternal
1352344737,60491,40458186,PAXNNsliddrspairfrmwrail150x236alum,Collect,FullServeinternal
1352344737,60491,50183993,PAXwrdfrm75x58x236whitestainedoakeffect,Collect,FullServeinternal
1352344737,60491,50277977,KOMPLshelf75x58wsoeff,Collect,FullServeinternal
1352345279,60492,30238543,BUMERANGhangernatural8-p,Collect,Markethall
1352345279,60492,40242653,TJUSIGhangerfdr/wll60black,Collect,Markethall
1352345279,60492,40534835,HVOLMrckw6knbdarkbrown/wood,Collect,Markethall
1352345286,60493,40482515,MALMchest/6drw80x123greystained,Collect,SelfServe
1352346034,60494,80342882,STORHETchampagnecoupe30clclearglass,Collect,Markethall
1352346034,60494,80377937,FENOMENNunscentedblckcndls5natural,Collect,Markethall
1352433322,60495,80448968,ENHETwallfrwshlvs60x15x75anthracite,Customer,FullServeinternal
1352418644,60496,70277957,KOMPLshelf100x58white,Customer,FullServeinternal
1352418644,60496,257298,KOMPLmeshbskt100x58white,Customer,FullServeinternal
1352418644,60496,257302,KOMPLmeshbskt50x35white,Customer,FullServeinternal
1352418644,60496,30263245,KOMPLp-outrailfbskt58white2-p,Customer,FullServeinternal
1352418644,60496,60263244,KOMPLp-outrailfbskt35white2-p,Customer,FullServeinternal
1352433525,60497,80524882,UTRUSTANNhingewb-indmprfktchn1102-p,AfterSales,FullServeinternal
1352346946,60500,324518,KALLAXNshelvingunit77x147whstoakeff,Collect,SelfServe
1352346946,60500,10443974,DRNANbox33x38x33darkgrey,Collect,SelfServe
1352346946,60500,20293568,STUBBARPlegwhitestainedoakeffect2-p,Collect,SelfServe
1352346946,60500,30324507,KALLAXinsertwdoor33x33whitestainedoakeffe,Collect,SelfServe
1352346946,60500,50324511,KALLAXinsertw2drw33x33whitestainedoakeffe,Collect,SelfServe
1352426276,60498,20467629,MYDALNbnkbdfrm90x200white,Truck,SelfServe
1352426276,60498,30278727,LURYslatbdbseStanKgGB,Truck,SelfServe
1352426276,60498,40249541,MALMbedstoragebox200white2-p,Truck,SelfServe
1352426276,60498,50357002,KALLRRhandle213mmstainlesssteel2-p,Truck,SelfServe
1352426276,60498,60261103,MALMNbedfrmhighStanKgwhiteGB,Truck,SelfServe
1352426276,60498,90124534,SKORVAmidbeamgalvanised,Truck,SelfServe
1352426276,60499,214505,KOMPLsoftclsnghinge3-p,Truck,FullServeinternal
1352426276,60499,10257306,KOMPLmeshbskt50x58white,Truck,FullServeinternal
1352426276,60499,20201724,PAXwrdfrm50x58x201whitestainedoakeffect,Truck,FullServeinternal
1352426276,60499,20257315,KOMPLmeshbskt75x58white,Truck,FullServeinternal
1352426276,60499,30263245,KOMPLp-outrailfbskt58white2-p,Truck,FullServeinternal
1352426276,60499,40256895,KOMPLclothesrail75white,Truck,FullServeinternal
1352426276,60499,40301124,VIKEDALNdoor25x195mirrorglass,Truck,FullServeinternal
1352426276,60499,50246306,KOMPLNdrawer50x58wsoeff,Truck,FullServeinternal
1352426276,60499,50277977,KOMPLshelf75x58wsoeff,Truck,FullServeinternal
1352426276,60499,70277981,KOMPLshelf50x58wsoeff,Truck,FullServeinternal
1352426276,60499,90190524,FARDALdoor50x195high-glosswhite,Truck,FullServeinternal
1352426276,60499,90201725,PAXwrdfrm75x58x201whitestainedoakeffect,Truck,FullServeinternal
1352426276,60499,90246328,KOMPLNdrawer75x58wsoeff,Truck,FullServeinternal
1352426276,60499,90256893,KOMPLclothesrail50white,Truck,FullServeinternal
1352398122,60501,40256895,KOMPLclothesrail75white,Customer,FullServeinternal
1352404702,60502,50504772,SVARTNORApendlmp38stainlesssteeleffect,Truck,Markethall
1352404702,60503,20205430,VEDDINGEdoor60x80white,Truck,FullServeinternal
1352404702,60503,30212406,VEDDINGEdoor60x140white,Truck,FullServeinternal
1352404702,60503,30366917,UTRUSTAconnfittfdrs,Truck,FullServeinternal
1352404702,60503,40205537,MEfrmfrdg/frtp60x60x40white,Truck,FullServeinternal
1352404702,60503,40205599,MEleg84-p,Truck,FullServeinternal
1352404702,60503,40327505,FRBTTRANNplinth220x8white,Truck,FullServeinternal
1352404702,60503,50515346,UTRUSTAp-olarder,Truck,FullServeinternal
1352404702,60503,60205664,MEsusprl200galvanised,Truck,FullServeinternal
1352404702,60503,60208238,VEDDINGEdoor60x40white,Truck,FullServeinternal
1352404702,60503,60297885,FRBTTRAcvrpnl62x240white,Truck,FullServeinternal
1352404702,60503,90212564,MEframehicb60x60x220white,Truck,FullServeinternal
1352346973,60504,453058,IDENTITETcutlerys16stainlesssteel,Collect,Markethall
1352346973,60504,20193899,FILURbinwlid42lwhite,Collect,Markethall
1352346973,60504,20317079,SPRUTTIGhangerblack10-p,Collect,Markethall
1352346973,60504,20476346,RINNIGteatowel45x60whidgrey/patterned4-p,Collect,Markethall
1352346973,60504,30258913,OFTASTplate25white,Collect,Markethall
1352346973,60504,50213546,KORKENjar/lid1lclearglass,Collect,Markethall
1352346973,60504,60159520,BOLMENtoilbrshhldrblack,Collect,Markethall
1352346973,60504,60512861,DIMFORSENbthsheet100x150turquoise,Collect,Markethall
1352346973,60504,60512875,DIMFORSENhandtowel50x100turquoise,Collect,Markethall
1352346973,60504,80094014,REKOglass17clclearglass6-p,Collect,Markethall
1352346973,60504,80258915,OFTASTbowl15white,Collect,Markethall
1352346973,60504,90488143,ALSTERNbathmat50x80lightgrey-green,Collect,Markethall
1350878346,60505,70509132,PAXwrdfrm50x58x236darkgrey,Customer,FullServeinternal
1350878346,60505,30214504,KOMPLsoftclsnghinge4-p,Customer,FullServeinternal
1350878346,60505,20510939,BERGSBOdoor50x229darkgrey,Customer,FullServeinternal
1350878346,60505,90509145,KOMPLshelf50x58darkgrey,Customer,FullServeinternal
1350878346,60505,10509125,PAXwrdfrm100x58x236darkgrey,Customer,FullServeinternal
1350878346,60505,60509142,KOMPLshelf100x58darkgrey,Customer,FullServeinternal
1350878346,60505,80256940,KOMPLclothesrail100darkgrey,Customer,FullServeinternal
1350878346,60505,10263232,KOMPLp-outrailfbskt58darkgrey2-p,Customer,FullServeinternal
1350878346,60505,40257296,KOMPLmeshbskt100x58darkgrey,Customer,FullServeinternal
1352348057,60506,70529088,VERSIDANLEDwrdlghtstrpwsensor96dimwhiUK,Truck,Markethall
1352348393,60510,10409932,KALLAXshelvingunit112x147white,Truck,SelfServe
1352348393,60510,20275814,KALLAXshelvingunit77x77white,Truck,SelfServe
1352348393,60510,20278167,KALLAXinsertwdoor33x33white,Truck,SelfServe
1352348393,60510,40217955,DRNAbox33x38x33white,Truck,SelfServe
1352348057,60507,10446557,KOMPLshoeinsertfp-outtray100x35lgrey,Truck,SelfServe
1352348057,60508,214505,KOMPLsoftclsnghinge3-p,Truck,FullServeinternal
1352348057,60508,257302,KOMPLmeshbskt50x35white,Truck,FullServeinternal
1352348057,60508,20207410,BERGSBOdoor50x195white,Truck,FullServeinternal
1352348057,60508,20214566,PAXwrdfrm100x58x201whiteN,Truck,FullServeinternal
1352348057,60508,30256891,KOMPLclothesrail100white,Truck,FullServeinternal
1352348057,60508,60263244,KOMPLp-outrailfbskt35white2-p,Truck,FullServeinternal
1352348057,60508,70246386,KOMPLp-outtray100x58white,Truck,FullServeinternal
1352348057,60508,70257638,KOMPLglassshelf100x58white,Truck,FullServeinternal
1352348057,60508,90246352,KOMPLNdrawer100x58white,Truck,FullServeinternal
1352348049,60509,473546,ALEXdrawerut36x70white,Collect,SelfServe
1352348049,60509,40460815,LAGKAPTENtbltp140x60white,Collect,SelfServe
1352346644,60511,10246308,KOMPLNdrawer50x58white,Truck,FullServeinternal
1352346644,60511,30214504,KOMPLsoftclsnghinge4-p,Truck,FullServeinternal
1352346644,60511,30256891,KOMPLclothesrail100white,Truck,FullServeinternal
1352346644,60511,30277959,KOMPLshelf50x58white,Truck,FullServeinternal
1352346644,60511,50214560,PAXwrdfrm100x58x236whiteN,Truck,FullServeinternal
1352346644,60511,50330606,FARDALdoor50x229high-glosslightgrey,Truck,FullServeinternal
1352346644,60511,70277957,KOMPLshelf100x58white,Truck,FullServeinternal
1352346644,60511,80214568,PAXwrdfrm50x58x236whiteN,Truck,FullServeinternal
1352346644,60511,80230224,UTRUSTApushopener2-p,Truck,FullServeinternal
1352346644,60511,80410055,HEIMdoor50x229mirrorglass,Truck,FullServeinternal
1352346644,60511,90246352,KOMPLNdrawer100x58white,Truck,FullServeinternal
1352346644,60511,90256893,KOMPLclothesrail50white,Truck,FullServeinternal
1352437072,60512,30256891,KOMPLclothesrail100white,Customer,FullServeinternal
1352437072,60512,257298,KOMPLmeshbskt100x58white,Customer,FullServeinternal
1352437072,60512,30263245,KOMPLp-outrailfbskt58white2-p,Customer,FullServeinternal
1352436075,60513,40531988,SKRUVBYcfftbl60x60white,Customer,FullServeinternal
1352408336,60514,20246360,KOMPLp-outtray50x58white,Customer,FullServeinternal
1352349514,60515,10499517,PEPPRIGmicrofibercloth28x283-p,Collect,Markethall
1352349514,60515,50342237,ISTADNresealablebaggrey/white50-p,Collect,Markethall
1352349514,60515,50361792,IKEA365+lidrectangular/plastic,Collect,Markethall
1352349514,60515,70359199,IKEA365+foodcntnr1.0lrectangular/glass,Collect,Markethall
1352349514,60515,80066723,"IKEA365+dryfoodjarwlid1,3ltrp/white",Collect,Markethall
1352349514,60515,90066708,"IKEA365+dryfoodjarwlid2,3ltrp/white",Collect,Markethall
1352345128,60516,50400270,GOboxwlids524x20x10smoked,Collect,Markethall
1352345128,60517,30349838,GONleg15/25round/stainlesssteel,Collect,SelfServe
1352345128,60517,50458614,LINDBYNmirror80black,Collect,SelfServe
1352345128,60517,80195536,GOwash-stndw2drws60x47x58high-glosswhite,Collect,SelfServe
1352433830,60519,330982,HJLPAdrwrwithoutfront80x55white,Customer,FullServeinternal
1352433830,60519,331161,HJLPAshelf60x40white,Customer,FullServeinternal
1352433830,60519,10330948,PLATSAframe80x55x40white,Customer,FullServeinternal
1352433830,60519,10330953,PLATSAframe80x40x40white,Customer,FullServeinternal
1352433830,60519,10331165,HJLPAshelf80x40white,Customer,FullServeinternal
1352433830,60519,20331198,LTTHETlegadjustablewhite4-p,Customer,FullServeinternal
1352433830,60519,30330947,PLATSAframe60x40x120white,Customer,FullServeinternal
1352433830,60519,40331164,HJLPAshelf80x55white,Customer,FullServeinternal
1352433830,60519,40452575,PLATSAopenshlvgut60x40x60white,Customer,FullServeinternal
1352433830,60519,60330984,HJLPAdrwrwithoutfront60x40white,Customer,FullServeinternal
1352433830,60519,70330945,PLATSAframe80x55x180white,Customer,FullServeinternal
1352345128,60518,371270,TOLKENcountertop62x49bamboo,Collect,FullServeinternal
1352345128,60518,60281295,DALSKRNwsh-bsnmxtp/schrome-platedGB,Collect,FullServeinternal
1352345128,60518,80344065,GONhighcabinet40x32x192high-glosswhite,Collect,FullServeinternal
1352345128,60518,90291518,TRNVIKENcounttpwash-basin45white,Collect,FullServeinternal
1352349941,60520,392461,HEMNESchest/2drw54x66greystained,Truck,SelfServe
1352349941,60520,30460811,HEMNESNchest/3drw108x96greystained,Truck,SelfServe
1352349941,60521,214505,KOMPLsoftclsnghinge3-p,Truck,FullServeinternal
1352349941,60521,10257306,KOMPLmeshbskt50x58white,Truck,FullServeinternal
1352349941,60521,20207410,BERGSBOdoor50x195white,Truck,FullServeinternal
1352349941,60521,20214566,PAXwrdfrm100x58x201whiteN,Truck,FullServeinternal
1352349941,60521,30256891,KOMPLclothesrail100white,Truck,FullServeinternal
1352349941,60521,30263245,KOMPLp-outrailfbskt58white2-p,Truck,FullServeinternal
1352349941,60521,30277959,KOMPLshelf50x58white,Truck,FullServeinternal
1352349941,60521,60246396,KOMPLdividerffrms75-100x58white,Truck,FullServeinternal
1352349941,60521,70214559,PAXwrdfrm50x58x201whiteN,Truck,FullServeinternal
1352425241,60522,349849,NORDLIbedfrmwstorage160x200cmwhite,Customer,FullServeinternal
1352419147,60526,80214568,PAXwrdfrm50x58x236whiteN,Customer,FullServeinternal
1352419147,60526,30277959,KOMPLshelf50x58white,Customer,FullServeinternal
1352419147,60526,30263245,KOMPLp-outrailfbskt58white2-p,Customer,FullServeinternal
1352419147,60526,10257306,KOMPLmeshbskt50x58white,Customer,FullServeinternal
1352419147,60526,30214504,KOMPLsoftclsnghinge4-p,Customer,FullServeinternal
1352419147,60526,80435188,GRIMOdoor50x229grey,Customer,FullServeinternal
1352419147,60526,20214571,PAXwrdfrm75x58x236whiteN,Customer,FullServeinternal
1352419147,60526,90277961,KOMPLshelf75x58white,Customer,FullServeinternal
1352419147,60526,40256895,KOMPLclothesrail75white,Customer,FullServeinternal
1352419147,60526,414830,HEIMdoor25x229mirrorglass,Customer,FullServeinternal
1352350845,60523,138432,BRANSNNbasket32x34x32rattan,Truck,Markethall
1352350845,60524,30275861,KALLAXshelvingunit147x147white,Truck,SelfServe
1352350845,60524,40273593,FLISATchildren'sstool24x24x28,Truck,SelfServe
1352350845,60524,40496739,KALLAXNinsertwdoor33x33palepink,Truck,SelfServe
1352350845,60524,40496744,KALLAXNNinsertw2drw33x33palepink,Truck,SelfServe
1352350845,60524,50298418,FLISATchildren'stable83x58,Truck,SelfServe
1352350845,60524,80089239,TROFASTNstorbox42x30x10white,Truck,SelfServe
1352447488,60525,30246374,KOMPLp-outtray75x58white,Customer,FullServeinternal
1352417129,60527,90338417,BAGGANSknob21mmblack2-p,Truck,Markethall
1352417129,60528,30275861,KALLAXshelvingunit147x147white,Truck,SelfServe
1352417129,60528,40501892,KALLAXufrm146x39x18white,Truck,SelfServe
1352417129,60529,214505,KOMPLsoftclsnghinge3-p,Truck,FullServeinternal
1352417129,60529,257298,KOMPLmeshbskt100x58white,Truck,FullServeinternal
1352417129,60529,20207410,BERGSBOdoor50x195white,Truck,FullServeinternal
1352417129,60529,20214566,PAXwrdfrm100x58x201whiteN,Truck,FullServeinternal
1352417129,60529,30256891,KOMPLclothesrail100white,Truck,FullServeinternal
1352417129,60529,30263245,KOMPLp-outrailfbskt58white2-p,Truck,FullServeinternal
1352417129,60529,30277959,KOMPLshelf50x58white,Truck,FullServeinternal
1352417129,60529,70214559,PAXwrdfrm50x58x201whiteN,Truck,FullServeinternal
1352417129,60529,70246386,KOMPLp-outtray100x58white,Truck,FullServeinternal
1352417129,60529,70257638,KOMPLglassshelf100x58white,Truck,FullServeinternal
1352417129,60529,70277957,KOMPLshelf100x58white,Truck,FullServeinternal
1352417129,60529,80331930,HEIMdoor50x195mirrorglass,Truck,FullServeinternal
1352417129,60529,90246352,KOMPLNdrawer100x58white,Truck,FullServeinternal
1352417129,60529,90404822,MALMNottomanbedStanKgwhiteGB,Truck,FullServeinternal
1352352251,60530,336432,GUBBARPhandle116mmwhite2-p,Truck,SelfServe
1352352251,60530,40497828,HJLPAadjclthsrail60-100white,Truck,SelfServe
1352352251,60530,60331200,HJLPAstandardhinges1-p,Truck,SelfServe
1352352251,60530,60505511,HJLPAsusprail55white2-p,Truck,SelfServe
1352352251,60531,331057,FONNESdoor40x180white,Truck,FullServeinternal
1352352251,60531,20331198,LTTHETlegadjustablewhite4-p,Truck,FullServeinternal
1352352251,60531,40331055,FONNESdoor60x180white,Truck,FullServeinternal
1352352251,60531,50330951,PLATSAframe60x55x180white,Truck,FullServeinternal
1352352251,60531,70330945,PLATSAframe80x55x180white,Truck,FullServeinternal
1352352251,60531,90331166,HJLPAshelf60x55white,Truck,FullServeinternal
1352444207,60532,40211977,PAXwrdfrm75x35x201whiteN,Customer,FullServeinternal
1352444207,60532,90433990,KOMPLp-outtray75x35white,Customer,FullServeinternal
1352444207,60532,70246744,KOMPLdrawer75x35white,Customer,FullServeinternal
1352444207,60532,80446455,KOMPLclothesrail75x35white,Customer,FullServeinternal
1352444207,60532,70277995,KOMPLshelf75x35white,Customer,FullServeinternal
1352456223,60533,511223,KALLHLLgatelegtblwstor33/89/145x98whi/lgrey,Customer,FullServeinternal
1352353356,60535,338412,BAGGANSknob21mmbrass-colour2-p,Truck,Markethall
1352353356,60535,10446883,FRNIMMANpowersuppcrd3.5mGB,Truck,Markethall
1352353356,60535,70238541,BUMERANGhangerwhite,Truck,Markethall
1352353356,60535,90529087,VERSIDANLEDwrdlghtstrpwsensor96dimbeiUK,Truck,Markethall
1352350139,60534,20426808,STOENSEruglowpile200x300off-white,Truck,SelfServe
1352353356,60536,10203610,MALMdresstbl120x41white,Truck,SelfServe
1352353356,60536,30404028,KOMPLinsfjwllry25x53x5lightgrey,Truck,SelfServe
1352353356,60536,50404032,KOMPLinsertw4comp25x53x5lightgrey,Truck,SelfServe
1352353356,60536,70404026,KOMPLinsertw4comp15x53x5lightgrey,Truck,SelfServe
1352353356,60537,257298,KOMPLmeshbskt100x58white,Truck,FullServeinternal
1352353356,60537,20246708,KOMPLdrwrwglssfrnt100x58white,Truck,FullServeinternal
1352353356,60537,30214504,KOMPLsoftclsnghinge4-p,Truck,FullServeinternal
1352353356,60537,30256891,KOMPLclothesrail100white,Truck,FullServeinternal
1352353356,60537,30263245,KOMPLp-outrailfbskt58white2-p,Truck,FullServeinternal
1352353356,60537,50214560,PAXwrdfrm100x58x236whiteN,Truck,FullServeinternal
1352353356,60537,60344735,FLISBERGETdoor50x229lightbeige,Truck,FullServeinternal
1352353356,60537,70246386,KOMPLp-outtray100x58white,Truck,FullServeinternal
1352353356,60537,70257638,KOMPLglassshelf100x58white,Truck,FullServeinternal
1352353356,60537,70277957,KOMPLshelf100x58white,Truck,FullServeinternal
1352353356,60537,90246352,KOMPLNdrawer100x58white,Truck,FullServeinternal
1352353393,60538,300386,FISKBOframe40x50white,Truck,Markethall
1352353393,60538,20527732,BILDposter40x50pinklipstick2-p,Truck,Markethall
1352353393,60539,30256891,KOMPLclothesrail100white,Truck,FullServeinternal
1352353393,60539,50214560,PAXwrdfrm100x58x236whiteN,Truck,FullServeinternal
1352353393,60539,70277957,KOMPLshelf100x58white,Truck,FullServeinternal
1352353393,60539,90246352,KOMPLNdrawer100x58white,Truck,FullServeinternal
1352455928,60540,50433987,KOMPLp-outtray50x35white,Customer,FullServeinternal
1352455928,60540,30246722,KOMPLdrawer50x35white,Customer,FullServeinternal
1352447546,60541,20503571,EKTORPcvrfso3HallarpbeigeGB,Customer,FullServeinternal
1352447546,60541,90503558,EKTORPcvrfachHallarpbeigeGB,Customer,FullServeinternal
1352357901,60544,277989,KOMPLshelf100x35white,Collect,FullServeinternal
1352357901,60544,40277992,KOMPLshelf50x35white,Collect,FullServeinternal
1352357901,60544,70277957,KOMPLshelf100x58white,Collect,FullServeinternal
1352355575,60542,50357002,KALLRRhandle213mmstainlesssteel2-p,Truck,SelfServe
1352355575,60542,60403602,MALMNchest/6drw80x123whiteN,Truck,SelfServe
1352355575,60543,214505,KOMPLsoftclsnghinge3-p,Truck,FullServeinternal
1352355575,60543,20214566,PAXwrdfrm100x58x201whiteN,Truck,FullServeinternal
1352355575,60543,30256891,KOMPLclothesrail100white,Truck,FullServeinternal
1352355575,60543,60442383,FORSANDNdoor50x195white,Truck,FullServeinternal
1352355575,60543,70277957,KOMPLshelf100x58white,Truck,FullServeinternal
1352357858,60545,20393662,KULLENNNchest/5drw70x112white,Collect,SelfServe
1352358291,60546,459913,ENHETlegsffrm23.5white2-p,Collect,FullServeinternal
1352358291,60546,80448973,ENHETbsfrwshlvs60x40x60white,Collect,FullServeinternal
1352358599,60547,40102978,SAMLAbox39x28x14cm/11ltransparent,Collect,Markethall
1352358599,60547,50427632,EDSBRUKframe50x70blackstained,Collect,Markethall
1352358599,60547,90455086,SAMLANlidfbox11/22ltransparent,Collect,Markethall
1352358599,60548,20204647,UTRUSTAhinge952-p,Collect,FullServeinternal
1352420094,60549,40277992,KOMPLshelf50x35white,Customer,FullServeinternal
1352465240,60550,40277992,KOMPLshelf50x35white,Customer,FullServeinternal
1352465240,60550,257646,KOMPLglassshelf50x58white,Customer,FullServeinternal
1352465240,60550,257302,KOMPLmeshbskt50x35white,Customer,FullServeinternal
1352465240,60550,90256893,KOMPLclothesrail50white,Customer,FullServeinternal
1352471135,60551,80256940,KOMPLclothesrail100darkgrey,Customer,FullServeinternal
1352471135,60551,60509142,KOMPLshelf100x58darkgrey,Customer,FullServeinternal
1352359293,60554,90347351,SONGESANDwardrobe120x60x191white,Truck,SelfServe
1352358794,60552,50278726,LURYslatbdbseStanDblGB,Collect,SelfServe
1352358794,60553,90458914,IDANSbedfrmStanDbldarkbrownstainedGB,Collect,FullServeinternal
1352359293,60555,30533520,EKENSETso3KilandalightbeigeGB,Truck,FullServeinternal
1352359476,60556,10511208,SNRPApedalbin5lstainlesssteel,Collect,Markethall
1352359476,60556,20557413,SNJONKVILLshowcurtain180x180white/green,Collect,Markethall
1352359476,60556,40381286,TISKENtwlrckwsuctioncupwhite,Collect,Markethall
1352359476,60556,40381291,TISKENtoiletrllhldrwsuctioncupwhite,Collect,Markethall
1352359476,60556,40537971,FLODBJRKplantpot24in/outdoorlgrey-brn,Collect,Markethall
1352359476,60556,50177223,STDJAcutlerytray31x50white,Collect,Markethall
1352359476,60556,50335091,PAMPIGkitchenrollholderbeech,Collect,Markethall
1352359476,60556,70381275,TISKENhookwsuctioncupwhite2-p,Collect,Markethall
1352359476,60556,80515585,BONScontainerwsuctioncupgrey-green,Collect,Markethall
1352360148,60557,359206,IKEA365+foodcntnr600mlsquare/glass,Truck,Markethall
1352360148,60557,521948,UPPFYLLDsaladspinnerwhite,Truck,Markethall
1352360148,60557,10381909,IKEA365+lidsquare/bamboo,Truck,Markethall
1352360148,60557,20219936,RAFFIGfinials1pairblack,Truck,Markethall
1352360148,60557,30217135,HUGADcurtainrod120-210black,Truck,Markethall
1352360148,60557,30217159,RCKAcurtainrod120-210black,Truck,Markethall
1352360148,60557,40399998,SKUBBboxs6darkgrey,Truck,Markethall
1352360148,60557,40442195,TONSTTAvase27grey,Truck,Markethall
1352360148,60557,50219893,BETYDLIGcrtnrodhldrblack,Truck,Markethall
1352360148,60557,50359195,IKEA365+foodcntnr400mlround/glass,Truck,Markethall
1352360148,60557,50456554,GOminichst/2drw23x19x9smoked,Truck,Markethall
1352360148,60557,50498889,GANSJNbthrs3,Truck,Markethall
1352360148,60557,60217228,BETYDLIGwll/clngbrcktblack,Truck,Markethall
1352360148,60557,60381898,IKEA365+lidround/bamboo,Truck,Markethall
1352360148,60557,60454026,KROKFJORDENtoilrollstndzincplated,Truck,Markethall
1352360148,60558,50278726,LURYslatbdbseStanDblGB,Truck,SelfServe
1352360148,60558,50486650,OLIVBLADplantstand58in/outdoorblack,Truck,SelfServe
1352360148,60558,70420936,SAGSTUAhead+footbStanDblblackGB,Truck,SelfServe
1352360148,60558,80429408,SAGSTUAbedsidesFU/DBL/TW/SIblack,Truck,SelfServe
1352360148,60558,90124534,SKORVAmidbeamgalvanised,Truck,SelfServe
1352360676,60559,50545249,RIBBAframewposter50x70stackedcolours,Collect,Markethall
1352473526,60560,90311540,LILLVIKENwatertrap/strainer2bowls,Customer,FullServeinternal
1328085284,325,60532208,STRLALEDtbldecohouse/s2battery-op,Collect,Markethall
1332392682,12934,80251513,"GRhammockstand,outgrey",Collect,SelfServe
1343389392,38634,70532062,HGAFFELwallhook3-p,Collect,Markethall
1331540147,10920,20399895,PERSHULTbracket30x30white,PUP,Markethall
1316645198,69977,70518513,NSSELKLOCKAdc/2pwc240x220/50x80lgry-grn/multi,Collect,Markethall
1318656970,75642,10242739,BISSAshoecab3comp49x28x135white,Collect,SelfServe
